
[2025-03-21 10:52:35] merlin-logger.DEBUG: The welcome step has been displayed [] []

[2025-03-21 10:52:40] merlin-logger.DEBUG: The welcome step has been displayed [] []

[2025-03-21 10:52:45] merlin-logger.DEBUG: The child theme installation step has been displayed [] []

[2025-03-21 10:52:47] merlin-logger.DEBUG: The child theme style.css content was generated [] []

[2025-03-21 10:52:47] merlin-logger.DEBUG: The child theme functions.php content was generated [] []

[2025-03-21 10:52:47] merlin-logger.DEBUG: The child theme screenshot was copied to the child theme, with the following result {"copied":true} []

[2025-03-21 10:52:47] merlin-logger.DEBUG: The newly generated child theme was activated [] []

[2025-03-21 10:52:51] merlin-logger.DEBUG: The plugin installation step has been displayed [] []

[2025-03-21 10:52:53] merlin-logger.DEBUG: A plugin with the following data will be processed {"plugin_slug":"contact-form-7","message":"Installing"} []

[2025-03-21 10:52:58] merlin-logger.DEBUG: A plugin with the following data will be processed {"plugin_slug":"contact-form-7","message":"Activating"} []

[2025-03-21 10:53:01] merlin-logger.DEBUG: A plugin with the following data was processed {"plugin_slug":"contact-form-7"} []

[2025-03-21 10:53:02] merlin-logger.DEBUG: A plugin with the following data will be processed {"plugin_slug":"elementor","message":"Installing"} []

[2025-03-21 10:53:09] merlin-logger.DEBUG: A plugin with the following data will be processed {"plugin_slug":"elementor","message":"Activating"} []

[2025-03-21 10:53:12] merlin-logger.DEBUG: A plugin with the following data was processed {"plugin_slug":"elementor"} []

[2025-03-21 10:53:12] merlin-logger.DEBUG: A plugin with the following data will be processed {"plugin_slug":"financer-plugin","message":"Installing"} []

[2025-03-21 10:53:15] merlin-logger.DEBUG: A plugin with the following data will be processed {"plugin_slug":"financer-plugin","message":"Installing"} []

[2025-03-21 10:53:15] merlin-logger.DEBUG: A plugin with the following data will be processed {"plugin_slug":"mailchimp-for-wp","message":"Installing"} []

[2025-03-21 10:53:22] merlin-logger.DEBUG: A plugin with the following data will be processed {"plugin_slug":"mailchimp-for-wp","message":"Activating"} []

[2025-03-21 10:53:24] merlin-logger.DEBUG: A plugin with the following data was processed {"plugin_slug":"mailchimp-for-wp"} []

[2025-03-21 10:53:25] merlin-logger.DEBUG: A plugin with the following data will be processed {"plugin_slug":"woocommerce","message":"Installing"} []

[2025-03-21 10:53:31] merlin-logger.DEBUG: A plugin with the following data will be processed {"plugin_slug":"woocommerce","message":"Activating"} []

[2025-03-21 10:53:36] merlin-logger.DEBUG: A plugin with the following data was processed {"plugin_slug":"woocommerce"} []

[2025-03-21 10:53:40] merlin-logger.DEBUG: The content import step has been displayed [] []

[2025-03-21 10:53:51] merlin-logger.INFO: The content import AJAX call will be executed with this import data {"title":"Content","data":"/home/u894712264/domains/agrawalgoyanka.co.in/public_html/wp-content/themes/financer/demo-import/content/content.xml"} []

[2025-03-21 10:53:51] merlin-logger.DEBUG: The Hello world post status was set to draft [] []

[2025-03-21 10:53:51] merlin-logger.INFO: Imported "Development" (category) [] []

[2025-03-21 10:53:51] merlin-logger.DEBUG: Term 25 remapped to 16 [] []

[2025-03-21 10:53:51] merlin-logger.INFO: Imported "Digital Payment" (category) [] []

[2025-03-21 10:53:51] merlin-logger.DEBUG: Term 1 remapped to 17 [] []

[2025-03-21 10:53:51] merlin-logger.INFO: Imported "Health" (category) [] []

[2025-03-21 10:53:51] merlin-logger.DEBUG: Term 19 remapped to 18 [] []

[2025-03-21 10:53:51] merlin-logger.INFO: Imported "Motivation" (category) [] []

[2025-03-21 10:53:51] merlin-logger.DEBUG: Term 20 remapped to 19 [] []

[2025-03-21 10:53:51] merlin-logger.INFO: Imported "Activities" (post_tag) [] []

[2025-03-21 10:53:51] merlin-logger.DEBUG: Term 30 remapped to 20 [] []

[2025-03-21 10:53:51] merlin-logger.INFO: Imported "Certificate" (post_tag) [] []

[2025-03-21 10:53:51] merlin-logger.DEBUG: Term 27 remapped to 21 [] []

[2025-03-21 10:53:51] merlin-logger.INFO: Imported "City" (post_tag) [] []

[2025-03-21 10:53:51] merlin-logger.DEBUG: Term 26 remapped to 22 [] []

[2025-03-21 10:53:51] merlin-logger.INFO: Imported "Depertment" (post_tag) [] []

[2025-03-21 10:53:51] merlin-logger.DEBUG: Term 31 remapped to 23 [] []

[2025-03-21 10:53:51] merlin-logger.INFO: Imported "Food" (post_tag) [] []

[2025-03-21 10:53:51] merlin-logger.DEBUG: Term 29 remapped to 24 [] []

[2025-03-21 10:53:51] merlin-logger.INFO: Imported "Mayor" (post_tag) [] []

[2025-03-21 10:53:51] merlin-logger.DEBUG: Term 33 remapped to 25 [] []

[2025-03-21 10:53:51] merlin-logger.INFO: Imported "Taxes &amp; Bills" (post_tag) [] []

[2025-03-21 10:53:51] merlin-logger.DEBUG: Term 28 remapped to 26 [] []

[2025-03-21 10:53:51] merlin-logger.INFO: Imported "Transport" (post_tag) [] []

[2025-03-21 10:53:51] merlin-logger.DEBUG: Term 32 remapped to 27 [] []

[2025-03-21 10:53:51] merlin-logger.INFO: Imported "Accessories" (product_cat) [] []

[2025-03-21 10:53:51] merlin-logger.DEBUG: Term 44 remapped to 28 [] []

[2025-03-21 10:53:51] merlin-logger.DEBUG: Meta for term_id 28 : order => 0 ; successfully added! [] []

[2025-03-21 10:53:51] merlin-logger.DEBUG: Meta for term_id 28 : product_count_product_cat => 5 ; successfully added! [] []

[2025-03-21 10:53:51] merlin-logger.INFO: Imported "Activities" (product_tag) [] []

[2025-03-21 10:53:51] merlin-logger.DEBUG: Term 50 remapped to 29 [] []

[2025-03-21 10:53:51] merlin-logger.DEBUG: Meta for term_id 29 : product_count_product_tag => 1 ; successfully added! [] []

[2025-03-21 10:53:51] merlin-logger.WARNING: Failed to import project_cat banking [] []

[2025-03-21 10:53:51] merlin-logger.DEBUG: Invalid taxonomy. [] []

[2025-03-21 10:53:51] merlin-logger.WARNING: Failed to import pa_color Blue [] []

[2025-03-21 10:53:51] merlin-logger.DEBUG: Invalid taxonomy. [] []

[2025-03-21 10:53:51] merlin-logger.INFO: Imported "Certificate" (product_tag) [] []

[2025-03-21 10:53:51] merlin-logger.DEBUG: Term 51 remapped to 30 [] []

[2025-03-21 10:53:51] merlin-logger.DEBUG: Meta for term_id 30 : product_count_product_tag => 1 ; successfully added! [] []

[2025-03-21 10:53:51] merlin-logger.INFO: Imported "City" (product_tag) [] []

[2025-03-21 10:53:51] merlin-logger.DEBUG: Term 53 remapped to 31 [] []

[2025-03-21 10:53:51] merlin-logger.DEBUG: Meta for term_id 31 : product_count_product_tag => 1 ; successfully added! [] []

[2025-03-21 10:53:51] merlin-logger.INFO: Imported "Clothing" (product_cat) [] []

[2025-03-21 10:53:51] merlin-logger.DEBUG: Term 47 remapped to 32 [] []

[2025-03-21 10:53:51] merlin-logger.DEBUG: Meta for term_id 32 : order => 0 ; successfully added! [] []

[2025-03-21 10:53:51] merlin-logger.DEBUG: Meta for term_id 32 : product_count_product_cat => 1 ; successfully added! [] []

[2025-03-21 10:53:51] merlin-logger.WARNING: Failed to import project_cat Corporate [] []

[2025-03-21 10:53:51] merlin-logger.DEBUG: Invalid taxonomy. [] []

[2025-03-21 10:53:51] merlin-logger.INFO: Imported "Decor" (product_cat) [] []

[2025-03-21 10:53:51] merlin-logger.DEBUG: Term 48 remapped to 33 [] []

[2025-03-21 10:53:51] merlin-logger.DEBUG: Meta for term_id 33 : order => 0 ; successfully added! [] []

[2025-03-21 10:53:51] merlin-logger.DEBUG: Meta for term_id 33 : product_count_product_cat => 1 ; successfully added! [] []

[2025-03-21 10:53:51] merlin-logger.INFO: Imported "Depertment" (product_tag) [] []

[2025-03-21 10:53:51] merlin-logger.DEBUG: Term 52 remapped to 34 [] []

[2025-03-21 10:53:51] merlin-logger.DEBUG: Meta for term_id 34 : product_count_product_tag => 1 ; successfully added! [] []

[2025-03-21 10:53:51] merlin-logger.WARNING: Failed to import project_cat financer [] []

[2025-03-21 10:53:51] merlin-logger.DEBUG: Invalid taxonomy. [] []

[2025-03-21 10:53:51] merlin-logger.INFO: Imported "Food" (product_tag) [] []

[2025-03-21 10:53:51] merlin-logger.DEBUG: Term 54 remapped to 35 [] []

[2025-03-21 10:53:51] merlin-logger.DEBUG: Meta for term_id 35 : product_count_product_tag => 1 ; successfully added! [] []

[2025-03-21 10:53:51] merlin-logger.WARNING: Failed to import pa_color Gray [] []

[2025-03-21 10:53:51] merlin-logger.DEBUG: Invalid taxonomy. [] []

[2025-03-21 10:53:51] merlin-logger.WARNING: Failed to import pa_color Green [] []

[2025-03-21 10:53:51] merlin-logger.DEBUG: Invalid taxonomy. [] []

[2025-03-21 10:53:51] merlin-logger.INFO: Imported "Hoodies" (product_cat) [] []

[2025-03-21 10:53:51] merlin-logger.DEBUG: Term 42 remapped to 36 [] []

[2025-03-21 10:53:51] merlin-logger.DEBUG: Meta for term_id 36 : order => 0 ; successfully added! [] []

[2025-03-21 10:53:51] merlin-logger.DEBUG: Meta for term_id 36 : product_count_product_cat => 3 ; successfully added! [] []

[2025-03-21 10:53:51] merlin-logger.WARNING: Failed to import pa_size Large [] []

[2025-03-21 10:53:51] merlin-logger.DEBUG: Invalid taxonomy. [] []

[2025-03-21 10:53:51] merlin-logger.INFO: Imported "Mayor" (product_tag) [] []

[2025-03-21 10:53:51] merlin-logger.DEBUG: Term 55 remapped to 37 [] []

[2025-03-21 10:53:51] merlin-logger.DEBUG: Meta for term_id 37 : product_count_product_tag => 1 ; successfully added! [] []

[2025-03-21 10:53:51] merlin-logger.WARNING: Failed to import pa_size Medium [] []

[2025-03-21 10:53:51] merlin-logger.DEBUG: Invalid taxonomy. [] []

[2025-03-21 10:53:51] merlin-logger.INFO: Imported "Music" (product_cat) [] []

[2025-03-21 10:53:51] merlin-logger.DEBUG: Term 46 remapped to 38 [] []

[2025-03-21 10:53:51] merlin-logger.DEBUG: Meta for term_id 38 : order => 0 ; successfully added! [] []

[2025-03-21 10:53:51] merlin-logger.DEBUG: Meta for term_id 38 : product_count_product_cat => 2 ; successfully added! [] []

[2025-03-21 10:53:51] merlin-logger.WARNING: Failed to import pa_color Red [] []

[2025-03-21 10:53:51] merlin-logger.DEBUG: Invalid taxonomy. [] []

[2025-03-21 10:53:51] merlin-logger.WARNING: Failed to import pa_size Small [] []

[2025-03-21 10:53:51] merlin-logger.DEBUG: Invalid taxonomy. [] []

[2025-03-21 10:53:51] merlin-logger.WARNING: Failed to import project_cat Tax [] []

[2025-03-21 10:53:51] merlin-logger.DEBUG: Invalid taxonomy. [] []

[2025-03-21 10:53:51] merlin-logger.INFO: Imported "Taxes &amp; Bills" (product_tag) [] []

[2025-03-21 10:53:51] merlin-logger.DEBUG: Term 56 remapped to 39 [] []

[2025-03-21 10:53:51] merlin-logger.DEBUG: Meta for term_id 39 : product_count_product_tag => 1 ; successfully added! [] []

[2025-03-21 10:53:51] merlin-logger.WARNING: Failed to import team_cat Team Grid [] []

[2025-03-21 10:53:51] merlin-logger.DEBUG: Invalid taxonomy. [] []

[2025-03-21 10:53:51] merlin-logger.WARNING: Failed to import testimonials_cat Testimonial Carousel [] []

[2025-03-21 10:53:51] merlin-logger.DEBUG: Invalid taxonomy. [] []

[2025-03-21 10:53:51] merlin-logger.INFO: Imported "Transport" (product_tag) [] []

[2025-03-21 10:53:51] merlin-logger.DEBUG: Term 57 remapped to 40 [] []

[2025-03-21 10:53:51] merlin-logger.DEBUG: Meta for term_id 40 : product_count_product_tag => 2 ; successfully added! [] []

[2025-03-21 10:53:51] merlin-logger.INFO: Imported "Tshirts" (product_cat) [] []

[2025-03-21 10:53:51] merlin-logger.DEBUG: Term 41 remapped to 41 [] []

[2025-03-21 10:53:51] merlin-logger.DEBUG: Meta for term_id 41 : order => 0 ; successfully added! [] []

[2025-03-21 10:53:51] merlin-logger.DEBUG: Meta for term_id 41 : product_count_product_cat => 5 ; successfully added! [] []

[2025-03-21 10:53:51] merlin-logger.WARNING: Failed to import pa_color Yellow [] []

[2025-03-21 10:53:51] merlin-logger.DEBUG: Invalid taxonomy. [] []

[2025-03-21 10:53:51] merlin-logger.INFO: Imported "Footer Quick Links Menu" (nav_menu) [] []

[2025-03-21 10:53:51] merlin-logger.DEBUG: Term 34 remapped to 42 [] []

[2025-03-21 10:53:51] merlin-logger.INFO: Imported "Main Menu" (nav_menu) [] []

[2025-03-21 10:53:51] merlin-logger.DEBUG: Term 16 remapped to 43 [] []

[2025-03-21 10:53:51] merlin-logger.INFO: Imported "Services Menu" (nav_menu) [] []

[2025-03-21 10:53:51] merlin-logger.DEBUG: Term 49 remapped to 44 [] []

[2025-03-21 10:53:53] merlin-logger.INFO: Imported "beanie-2.jpg" (Media) [] []

[2025-03-21 10:53:53] merlin-logger.DEBUG: Post 39 remapped to 39 [] []

[2025-03-21 10:53:54] merlin-logger.INFO: Imported "vneck-tee-2.jpg" (Media) [] []

[2025-03-21 10:53:54] merlin-logger.DEBUG: Post 1497 remapped to 1497 [] []

[2025-03-21 10:53:56] merlin-logger.INFO: Imported "vnech-tee-green-1.jpg" (Media) [] []

[2025-03-21 10:53:56] merlin-logger.DEBUG: Post 1498 remapped to 1498 [] []

[2025-03-21 10:53:57] merlin-logger.INFO: Imported "vnech-tee-blue-1.jpg" (Media) [] []

[2025-03-21 10:53:57] merlin-logger.DEBUG: Post 1499 remapped to 1499 [] []

[2025-03-21 10:53:59] merlin-logger.INFO: Imported "hoodie-2.jpg" (Media) [] []

[2025-03-21 10:53:59] merlin-logger.DEBUG: Post 1500 remapped to 1500 [] []

[2025-03-21 10:54:00] merlin-logger.INFO: Imported "hoodie-blue-1.jpg" (Media) [] []

[2025-03-21 10:54:00] merlin-logger.DEBUG: Post 1501 remapped to 1501 [] []

[2025-03-21 10:54:02] merlin-logger.INFO: Imported "hoodie-green-1.jpg" (Media) [] []

[2025-03-21 10:54:02] merlin-logger.DEBUG: Post 1502 remapped to 1502 [] []

[2025-03-21 10:54:03] merlin-logger.INFO: Imported "hoodie-with-logo-2.jpg" (Media) [] []

[2025-03-21 10:54:03] merlin-logger.DEBUG: Post 1503 remapped to 1503 [] []

[2025-03-21 10:54:04] merlin-logger.INFO: Imported "tshirt-2.jpg" (Media) [] []

[2025-03-21 10:54:04] merlin-logger.DEBUG: Post 1504 remapped to 1504 [] []

[2025-03-21 10:54:05] merlin-logger.INFO: Imported "belt-2.jpg" (Media) [] []

[2025-03-21 10:54:05] merlin-logger.DEBUG: Post 1505 remapped to 1505 [] []

[2025-03-21 10:54:06] merlin-logger.INFO: Imported "cap-2.jpg" (Media) [] []

[2025-03-21 10:54:06] merlin-logger.DEBUG: Post 1506 remapped to 1506 [] []

[2025-03-21 10:54:08] merlin-logger.INFO: Imported "sunglasses-2.jpg" (Media) [] []

[2025-03-21 10:54:08] merlin-logger.DEBUG: Post 1507 remapped to 1507 [] []

[2025-03-21 10:54:09] merlin-logger.INFO: Imported "hoodie-with-pocket-2.jpg" (Media) [] []

[2025-03-21 10:54:09] merlin-logger.DEBUG: Post 1508 remapped to 1508 [] []

[2025-03-21 10:54:10] merlin-logger.INFO: Imported "hoodie-with-zipper-2.jpg" (Media) [] []

[2025-03-21 10:54:10] merlin-logger.DEBUG: Post 1509 remapped to 1509 [] []

[2025-03-21 10:54:12] merlin-logger.INFO: Imported "long-sleeve-tee-2.jpg" (Media) [] []

[2025-03-21 10:54:12] merlin-logger.DEBUG: Post 1510 remapped to 1510 [] []

[2025-03-21 10:54:12] merlin-logger.INFO: New AJAX call! [] []

[2025-03-21 10:54:13] merlin-logger.INFO: The content import AJAX call will be executed with this import data {"title":"Content","data":"/home/u894712264/domains/agrawalgoyanka.co.in/public_html/wp-content/themes/financer/demo-import/content/content.xml"} []

[2025-03-21 10:54:13] merlin-logger.DEBUG: The Hello world post status was set to draft [] []

[2025-03-21 10:54:13] merlin-logger.WARNING: Failed to import project_cat banking [] []

[2025-03-21 10:54:13] merlin-logger.DEBUG: Invalid taxonomy. [] []

[2025-03-21 10:54:13] merlin-logger.INFO: Imported "Blue" (pa_color) [] []

[2025-03-21 10:54:13] merlin-logger.DEBUG: Term 35 remapped to 45 [] []

[2025-03-21 10:54:13] merlin-logger.WARNING: Failed to import project_cat Corporate [] []

[2025-03-21 10:54:13] merlin-logger.DEBUG: Invalid taxonomy. [] []

[2025-03-21 10:54:13] merlin-logger.WARNING: Failed to import project_cat financer [] []

[2025-03-21 10:54:13] merlin-logger.DEBUG: Invalid taxonomy. [] []

[2025-03-21 10:54:13] merlin-logger.INFO: Imported "Gray" (pa_color) [] []

[2025-03-21 10:54:13] merlin-logger.DEBUG: Term 43 remapped to 46 [] []

[2025-03-21 10:54:13] merlin-logger.INFO: Imported "Green" (pa_color) [] []

[2025-03-21 10:54:13] merlin-logger.DEBUG: Term 36 remapped to 47 [] []

[2025-03-21 10:54:13] merlin-logger.INFO: Imported "Large" (pa_size) [] []

[2025-03-21 10:54:13] merlin-logger.DEBUG: Term 37 remapped to 48 [] []

[2025-03-21 10:54:13] merlin-logger.INFO: Imported "Medium" (pa_size) [] []

[2025-03-21 10:54:13] merlin-logger.DEBUG: Term 38 remapped to 49 [] []

[2025-03-21 10:54:13] merlin-logger.INFO: Imported "Red" (pa_color) [] []

[2025-03-21 10:54:13] merlin-logger.DEBUG: Term 39 remapped to 50 [] []

[2025-03-21 10:54:13] merlin-logger.INFO: Imported "Small" (pa_size) [] []

[2025-03-21 10:54:13] merlin-logger.DEBUG: Term 40 remapped to 51 [] []

[2025-03-21 10:54:13] merlin-logger.WARNING: Failed to import project_cat Tax [] []

[2025-03-21 10:54:13] merlin-logger.DEBUG: Invalid taxonomy. [] []

[2025-03-21 10:54:13] merlin-logger.WARNING: Failed to import team_cat Team Grid [] []

[2025-03-21 10:54:13] merlin-logger.DEBUG: Invalid taxonomy. [] []

[2025-03-21 10:54:13] merlin-logger.WARNING: Failed to import testimonials_cat Testimonial Carousel [] []

[2025-03-21 10:54:13] merlin-logger.DEBUG: Invalid taxonomy. [] []

[2025-03-21 10:54:13] merlin-logger.INFO: Imported "Yellow" (pa_color) [] []

[2025-03-21 10:54:13] merlin-logger.DEBUG: Term 45 remapped to 52 [] []

[2025-03-21 10:54:15] merlin-logger.INFO: Imported "polo-2.jpg" (Media) [] []

[2025-03-21 10:54:15] merlin-logger.DEBUG: Post 1511 remapped to 1511 [] []

[2025-03-21 10:54:16] merlin-logger.INFO: Imported "album-1.jpg" (Media) [] []

[2025-03-21 10:54:16] merlin-logger.DEBUG: Post 1512 remapped to 1512 [] []

[2025-03-21 10:54:18] merlin-logger.INFO: Imported "single-1.jpg" (Media) [] []

[2025-03-21 10:54:18] merlin-logger.DEBUG: Post 1513 remapped to 1513 [] []

[2025-03-21 10:54:19] merlin-logger.INFO: Imported "t-shirt-with-logo-1.jpg" (Media) [] []

[2025-03-21 10:54:19] merlin-logger.DEBUG: Post 1514 remapped to 1514 [] []

[2025-03-21 10:54:21] merlin-logger.INFO: Imported "beanie-with-logo-1.jpg" (Media) [] []

[2025-03-21 10:54:21] merlin-logger.DEBUG: Post 1515 remapped to 1515 [] []

[2025-03-21 10:54:23] merlin-logger.INFO: Imported "woocommerce-placeholder" (Media) [] []

[2025-03-21 10:54:23] merlin-logger.DEBUG: Post 11 remapped to 11 [] []

[2025-03-21 10:54:24] merlin-logger.INFO: Imported "footer-logo" (Media) [] []

[2025-03-21 10:54:24] merlin-logger.DEBUG: Post 34 remapped to 34 [] []

[2025-03-21 10:54:24] merlin-logger.INFO: Imported "logo" (Media) [] []

[2025-03-21 10:54:24] merlin-logger.DEBUG: Post 35 remapped to 35 [] []

[2025-03-21 10:54:25] merlin-logger.INFO: Imported "logo_2" (Media) [] []

[2025-03-21 10:54:25] merlin-logger.DEBUG: Post 36 remapped to 36 [] []

[2025-03-21 10:54:26] merlin-logger.INFO: Imported "mobile-logo" (Media) [] []

[2025-03-21 10:54:26] merlin-logger.DEBUG: Post 37 remapped to 37 [] []

[2025-03-21 10:54:26] merlin-logger.INFO: Imported "mouse-pointer" (Media) [] []

[2025-03-21 10:54:26] merlin-logger.DEBUG: Post 40 remapped to 40 [] []

[2025-03-21 10:54:27] merlin-logger.INFO: Imported "shape_icon_1" (Media) [] []

[2025-03-21 10:54:27] merlin-logger.DEBUG: Post 41 remapped to 41 [] []

[2025-03-21 10:54:28] merlin-logger.INFO: Imported "star_icon" (Media) [] []

[2025-03-21 10:54:28] merlin-logger.DEBUG: Post 42 remapped to 42 [] []

[2025-03-21 10:54:30] merlin-logger.INFO: Imported "banner_image" (Media) [] []

[2025-03-21 10:54:30] merlin-logger.DEBUG: Post 43 remapped to 43 [] []

[2025-03-21 10:54:32] merlin-logger.INFO: Imported "chart_1" (Media) [] []

[2025-03-21 10:54:32] merlin-logger.DEBUG: Post 44 remapped to 44 [] []

[2025-03-21 10:54:33] merlin-logger.INFO: Imported "chart_2" (Media) [] []

[2025-03-21 10:54:33] merlin-logger.DEBUG: Post 113 remapped to 113 [] []

[2025-03-21 10:54:34] merlin-logger.INFO: Imported "chart_3" (Media) [] []

[2025-03-21 10:54:34] merlin-logger.DEBUG: Post 132 remapped to 132 [] []

[2025-03-21 10:54:34] merlin-logger.INFO: New AJAX call! [] []

[2025-03-21 10:54:35] merlin-logger.INFO: The content import AJAX call will be executed with this import data {"title":"Content","data":"/home/u894712264/domains/agrawalgoyanka.co.in/public_html/wp-content/themes/financer/demo-import/content/content.xml"} []

[2025-03-21 10:54:35] merlin-logger.DEBUG: The Hello world post status was set to draft [] []

[2025-03-21 10:54:35] merlin-logger.WARNING: Failed to import project_cat banking [] []

[2025-03-21 10:54:35] merlin-logger.DEBUG: Invalid taxonomy. [] []

[2025-03-21 10:54:35] merlin-logger.WARNING: Failed to import project_cat Corporate [] []

[2025-03-21 10:54:35] merlin-logger.DEBUG: Invalid taxonomy. [] []

[2025-03-21 10:54:35] merlin-logger.WARNING: Failed to import project_cat financer [] []

[2025-03-21 10:54:35] merlin-logger.DEBUG: Invalid taxonomy. [] []

[2025-03-21 10:54:35] merlin-logger.WARNING: Failed to import project_cat Tax [] []

[2025-03-21 10:54:35] merlin-logger.DEBUG: Invalid taxonomy. [] []

[2025-03-21 10:54:35] merlin-logger.WARNING: Failed to import team_cat Team Grid [] []

[2025-03-21 10:54:35] merlin-logger.DEBUG: Invalid taxonomy. [] []

[2025-03-21 10:54:35] merlin-logger.WARNING: Failed to import testimonials_cat Testimonial Carousel [] []

[2025-03-21 10:54:35] merlin-logger.DEBUG: Invalid taxonomy. [] []

[2025-03-21 10:54:37] merlin-logger.INFO: Imported "video_box_bg" (Media) [] []

[2025-03-21 10:54:37] merlin-logger.DEBUG: Post 289 remapped to 289 [] []

[2025-03-21 10:54:38] merlin-logger.INFO: Imported "team-1" (Media) [] []

[2025-03-21 10:54:38] merlin-logger.DEBUG: Post 324 remapped to 324 [] []

[2025-03-21 10:54:40] merlin-logger.INFO: Imported "team-2" (Media) [] []

[2025-03-21 10:54:40] merlin-logger.DEBUG: Post 325 remapped to 325 [] []

[2025-03-21 10:54:41] merlin-logger.INFO: Imported "team-3" (Media) [] []

[2025-03-21 10:54:41] merlin-logger.DEBUG: Post 326 remapped to 326 [] []

[2025-03-21 10:54:42] merlin-logger.INFO: Imported "team-4" (Media) [] []

[2025-03-21 10:54:42] merlin-logger.DEBUG: Post 327 remapped to 327 [] []

[2025-03-21 10:54:46] merlin-logger.INFO: Imported "cta_image" (Media) [] []

[2025-03-21 10:54:46] merlin-logger.DEBUG: Post 341 remapped to 341 [] []

[2025-03-21 10:54:47] merlin-logger.INFO: Imported "logo-1.jpg" (Media) [] []

[2025-03-21 10:54:47] merlin-logger.DEBUG: Post 1516 remapped to 1516 [] []

[2025-03-21 10:54:49] merlin-logger.INFO: Imported "pennant-1.jpg" (Media) [] []

[2025-03-21 10:54:49] merlin-logger.DEBUG: Post 1517 remapped to 1517 [] []

[2025-03-21 10:54:49] merlin-logger.INFO: Imported "shape_icon_3" (Media) [] []

[2025-03-21 10:54:49] merlin-logger.DEBUG: Post 348 remapped to 348 [] []

[2025-03-21 10:54:50] merlin-logger.INFO: Imported "testimonial-1" (Media) [] []

[2025-03-21 10:54:50] merlin-logger.DEBUG: Post 371 remapped to 371 [] []

[2025-03-21 10:54:51] merlin-logger.INFO: Imported "testimonial-2" (Media) [] []

[2025-03-21 10:54:51] merlin-logger.DEBUG: Post 372 remapped to 372 [] []

[2025-03-21 10:54:51] merlin-logger.INFO: Imported "testimonial-3" (Media) [] []

[2025-03-21 10:54:51] merlin-logger.DEBUG: Post 373 remapped to 373 [] []

[2025-03-21 10:54:53] merlin-logger.INFO: Imported "banner_image_1" (Media) [] []

[2025-03-21 10:54:53] merlin-logger.DEBUG: Post 406 remapped to 406 [] []

[2025-03-21 10:54:54] merlin-logger.INFO: Imported "banner_image_three" (Media) [] []

[2025-03-21 10:54:54] merlin-logger.DEBUG: Post 407 remapped to 407 [] []

[2025-03-21 10:54:55] merlin-logger.INFO: Imported "chart_4" (Media) [] []

[2025-03-21 10:54:55] merlin-logger.DEBUG: Post 408 remapped to 408 [] []

[2025-03-21 10:54:56] merlin-logger.INFO: Imported "shape_icon_7" (Media) [] []

[2025-03-21 10:54:56] merlin-logger.DEBUG: Post 409 remapped to 409 [] []

[2025-03-21 10:54:56] merlin-logger.INFO: New AJAX call! [] []

[2025-03-21 10:54:58] merlin-logger.INFO: The content import AJAX call will be executed with this import data {"title":"Content","data":"/home/u894712264/domains/agrawalgoyanka.co.in/public_html/wp-content/themes/financer/demo-import/content/content.xml"} []

[2025-03-21 10:54:58] merlin-logger.DEBUG: The Hello world post status was set to draft [] []

[2025-03-21 10:54:58] merlin-logger.WARNING: Failed to import project_cat banking [] []

[2025-03-21 10:54:58] merlin-logger.DEBUG: Invalid taxonomy. [] []

[2025-03-21 10:54:58] merlin-logger.WARNING: Failed to import project_cat Corporate [] []

[2025-03-21 10:54:58] merlin-logger.DEBUG: Invalid taxonomy. [] []

[2025-03-21 10:54:58] merlin-logger.WARNING: Failed to import project_cat financer [] []

[2025-03-21 10:54:58] merlin-logger.DEBUG: Invalid taxonomy. [] []

[2025-03-21 10:54:58] merlin-logger.WARNING: Failed to import project_cat Tax [] []

[2025-03-21 10:54:58] merlin-logger.DEBUG: Invalid taxonomy. [] []

[2025-03-21 10:54:58] merlin-logger.WARNING: Failed to import team_cat Team Grid [] []

[2025-03-21 10:54:58] merlin-logger.DEBUG: Invalid taxonomy. [] []

[2025-03-21 10:54:58] merlin-logger.WARNING: Failed to import testimonials_cat Testimonial Carousel [] []

[2025-03-21 10:54:58] merlin-logger.DEBUG: Invalid taxonomy. [] []

[2025-03-21 10:54:58] merlin-logger.INFO: Imported "shape_icon_4" (Media) [] []

[2025-03-21 10:54:58] merlin-logger.DEBUG: Post 413 remapped to 413 [] []

[2025-03-21 10:54:59] merlin-logger.INFO: Imported "client-1" (Media) [] []

[2025-03-21 10:54:59] merlin-logger.DEBUG: Post 420 remapped to 420 [] []

[2025-03-21 10:55:00] merlin-logger.INFO: Imported "client-2" (Media) [] []

[2025-03-21 10:55:00] merlin-logger.DEBUG: Post 421 remapped to 421 [] []

[2025-03-21 10:55:00] merlin-logger.INFO: Imported "client-3" (Media) [] []

[2025-03-21 10:55:00] merlin-logger.DEBUG: Post 422 remapped to 422 [] []

[2025-03-21 10:55:01] merlin-logger.INFO: Imported "client-4" (Media) [] []

[2025-03-21 10:55:01] merlin-logger.DEBUG: Post 423 remapped to 423 [] []

[2025-03-21 10:55:02] merlin-logger.INFO: Imported "client-5" (Media) [] []

[2025-03-21 10:55:02] merlin-logger.DEBUG: Post 424 remapped to 424 [] []

[2025-03-21 10:55:04] merlin-logger.INFO: Imported "feature_image_1" (Media) [] []

[2025-03-21 10:55:04] merlin-logger.DEBUG: Post 489 remapped to 489 [] []

[2025-03-21 10:55:05] merlin-logger.INFO: Imported "chart_5" (Media) [] []

[2025-03-21 10:55:05] merlin-logger.DEBUG: Post 490 remapped to 490 [] []

[2025-03-21 10:55:06] merlin-logger.INFO: Imported "star_icon" (Media) [] []

[2025-03-21 10:55:06] merlin-logger.DEBUG: Post 512 remapped to 512 [] []

[2025-03-21 10:55:08] merlin-logger.INFO: Imported "credit_card" (Media) [] []

[2025-03-21 10:55:08] merlin-logger.DEBUG: Post 534 remapped to 534 [] []

[2025-03-21 10:55:10] merlin-logger.INFO: Imported "master_card" (Media) [] []

[2025-03-21 10:55:10] merlin-logger.DEBUG: Post 535 remapped to 535 [] []

[2025-03-21 10:55:10] merlin-logger.INFO: Imported "ring_shape" (Media) [] []

[2025-03-21 10:55:10] merlin-logger.DEBUG: Post 585 remapped to 585 [] []

[2025-03-21 10:55:11] merlin-logger.INFO: Imported "apple_icon" (Media) [] []

[2025-03-21 10:55:11] merlin-logger.DEBUG: Post 586 remapped to 586 [] []

[2025-03-21 10:55:12] merlin-logger.INFO: Imported "play_icon" (Media) [] []

[2025-03-21 10:55:12] merlin-logger.DEBUG: Post 587 remapped to 587 [] []

[2025-03-21 10:55:14] merlin-logger.INFO: Imported "app_image" (Media) [] []

[2025-03-21 10:55:14] merlin-logger.DEBUG: Post 588 remapped to 588 [] []

[2025-03-21 10:55:15] merlin-logger.INFO: Imported "shape_icon_6" (Media) [] []

[2025-03-21 10:55:15] merlin-logger.DEBUG: Post 602 remapped to 602 [] []

[2025-03-21 10:55:16] merlin-logger.INFO: Imported "blog_1" (Media) [] []

[2025-03-21 10:55:16] merlin-logger.DEBUG: Post 626 remapped to 626 [] []

[2025-03-21 10:55:17] merlin-logger.INFO: Imported "blog_2" (Media) [] []

[2025-03-21 10:55:17] merlin-logger.DEBUG: Post 627 remapped to 627 [] []

[2025-03-21 10:55:20] merlin-logger.INFO: Imported "blog_3" (Media) [] []

[2025-03-21 10:55:20] merlin-logger.DEBUG: Post 628 remapped to 628 [] []

[2025-03-21 10:55:20] merlin-logger.INFO: New AJAX call! [] []

[2025-03-21 10:55:20] merlin-logger.INFO: The content import AJAX call will be executed with this import data {"title":"Content","data":"/home/u894712264/domains/agrawalgoyanka.co.in/public_html/wp-content/themes/financer/demo-import/content/content.xml"} []

[2025-03-21 10:55:20] merlin-logger.DEBUG: The Hello world post status was set to draft [] []

[2025-03-21 10:55:20] merlin-logger.WARNING: Failed to import project_cat banking [] []

[2025-03-21 10:55:20] merlin-logger.DEBUG: Invalid taxonomy. [] []

[2025-03-21 10:55:20] merlin-logger.WARNING: Failed to import project_cat Corporate [] []

[2025-03-21 10:55:20] merlin-logger.DEBUG: Invalid taxonomy. [] []

[2025-03-21 10:55:20] merlin-logger.WARNING: Failed to import project_cat financer [] []

[2025-03-21 10:55:20] merlin-logger.DEBUG: Invalid taxonomy. [] []

[2025-03-21 10:55:20] merlin-logger.WARNING: Failed to import project_cat Tax [] []

[2025-03-21 10:55:20] merlin-logger.DEBUG: Invalid taxonomy. [] []

[2025-03-21 10:55:20] merlin-logger.WARNING: Failed to import team_cat Team Grid [] []

[2025-03-21 10:55:20] merlin-logger.DEBUG: Invalid taxonomy. [] []

[2025-03-21 10:55:20] merlin-logger.WARNING: Failed to import testimonials_cat Testimonial Carousel [] []

[2025-03-21 10:55:20] merlin-logger.DEBUG: Invalid taxonomy. [] []

[2025-03-21 10:55:21] merlin-logger.INFO: Imported "author_1" (Media) [] []

[2025-03-21 10:55:21] merlin-logger.DEBUG: Post 646 remapped to 646 [] []

[2025-03-21 10:55:22] merlin-logger.INFO: Imported "author_2" (Media) [] []

[2025-03-21 10:55:22] merlin-logger.DEBUG: Post 647 remapped to 647 [] []

[2025-03-21 10:55:23] merlin-logger.INFO: Imported "author_3" (Media) [] []

[2025-03-21 10:55:23] merlin-logger.DEBUG: Post 648 remapped to 648 [] []

[2025-03-21 10:55:23] merlin-logger.INFO: Imported "currency_coins" (Media) [] []

[2025-03-21 10:55:23] merlin-logger.DEBUG: Post 649 remapped to 649 [] []

[2025-03-21 10:55:25] merlin-logger.INFO: Imported "banner_image_2" (Media) [] []

[2025-03-21 10:55:25] merlin-logger.DEBUG: Post 651 remapped to 651 [] []

[2025-03-21 10:55:25] merlin-logger.INFO: Imported "mail_send" (Media) [] []

[2025-03-21 10:55:25] merlin-logger.DEBUG: Post 655 remapped to 655 [] []

[2025-03-21 10:55:26] merlin-logger.INFO: Imported "options" (Media) [] []

[2025-03-21 10:55:26] merlin-logger.DEBUG: Post 656 remapped to 656 [] []

[2025-03-21 10:55:27] merlin-logger.INFO: Imported "request" (Media) [] []

[2025-03-21 10:55:27] merlin-logger.DEBUG: Post 657 remapped to 657 [] []

[2025-03-21 10:55:28] merlin-logger.INFO: Imported "client-11" (Media) [] []

[2025-03-21 10:55:28] merlin-logger.DEBUG: Post 661 remapped to 661 [] []

[2025-03-21 10:55:28] merlin-logger.INFO: Imported "client-22" (Media) [] []

[2025-03-21 10:55:28] merlin-logger.DEBUG: Post 662 remapped to 662 [] []

[2025-03-21 10:55:29] merlin-logger.INFO: Imported "client-33" (Media) [] []

[2025-03-21 10:55:29] merlin-logger.DEBUG: Post 663 remapped to 663 [] []

[2025-03-21 10:55:30] merlin-logger.INFO: Imported "client-44" (Media) [] []

[2025-03-21 10:55:30] merlin-logger.DEBUG: Post 664 remapped to 664 [] []

[2025-03-21 10:55:31] merlin-logger.INFO: Imported "client-55" (Media) [] []

[2025-03-21 10:55:31] merlin-logger.DEBUG: Post 665 remapped to 665 [] []

[2025-03-21 10:55:32] merlin-logger.INFO: Imported "about_image_1" (Media) [] []

[2025-03-21 10:55:32] merlin-logger.DEBUG: Post 684 remapped to 684 [] []

[2025-03-21 10:55:33] merlin-logger.INFO: Imported "author_4" (Media) [] []

[2025-03-21 10:55:33] merlin-logger.DEBUG: Post 688 remapped to 688 [] []

[2025-03-21 10:55:34] merlin-logger.INFO: Imported "shape_icon_8" (Media) [] []

[2025-03-21 10:55:34] merlin-logger.DEBUG: Post 689 remapped to 689 [] []

[2025-03-21 10:55:36] merlin-logger.INFO: Imported "video_box_bg_2" (Media) [] []

[2025-03-21 10:55:36] merlin-logger.DEBUG: Post 735 remapped to 735 [] []

[2025-03-21 10:55:37] merlin-logger.INFO: Imported "shape_icon_9" (Media) [] []

[2025-03-21 10:55:37] merlin-logger.DEBUG: Post 742 remapped to 742 [] []

[2025-03-21 10:55:39] merlin-logger.INFO: Imported "services_image_1" (Media) [] []

[2025-03-21 10:55:39] merlin-logger.DEBUG: Post 743 remapped to 743 [] []

[2025-03-21 10:55:41] merlin-logger.INFO: Imported "testimonial-4" (Media) [] []

[2025-03-21 10:55:41] merlin-logger.DEBUG: Post 768 remapped to 768 [] []

[2025-03-21 10:55:41] merlin-logger.INFO: New AJAX call! [] []

[2025-03-21 10:55:42] merlin-logger.INFO: The content import AJAX call will be executed with this import data {"title":"Content","data":"/home/u894712264/domains/agrawalgoyanka.co.in/public_html/wp-content/themes/financer/demo-import/content/content.xml"} []

[2025-03-21 10:55:42] merlin-logger.DEBUG: The Hello world post status was set to draft [] []

[2025-03-21 10:55:42] merlin-logger.WARNING: Failed to import project_cat banking [] []

[2025-03-21 10:55:42] merlin-logger.DEBUG: Invalid taxonomy. [] []

[2025-03-21 10:55:42] merlin-logger.WARNING: Failed to import project_cat Corporate [] []

[2025-03-21 10:55:42] merlin-logger.DEBUG: Invalid taxonomy. [] []

[2025-03-21 10:55:42] merlin-logger.WARNING: Failed to import project_cat financer [] []

[2025-03-21 10:55:42] merlin-logger.DEBUG: Invalid taxonomy. [] []

[2025-03-21 10:55:42] merlin-logger.WARNING: Failed to import project_cat Tax [] []

[2025-03-21 10:55:42] merlin-logger.DEBUG: Invalid taxonomy. [] []

[2025-03-21 10:55:42] merlin-logger.WARNING: Failed to import team_cat Team Grid [] []

[2025-03-21 10:55:42] merlin-logger.DEBUG: Invalid taxonomy. [] []

[2025-03-21 10:55:42] merlin-logger.WARNING: Failed to import testimonials_cat Testimonial Carousel [] []

[2025-03-21 10:55:42] merlin-logger.DEBUG: Invalid taxonomy. [] []

[2025-03-21 10:55:43] merlin-logger.INFO: Imported "shape_icon_12" (Media) [] []

[2025-03-21 10:55:43] merlin-logger.DEBUG: Post 769 remapped to 769 [] []

[2025-03-21 10:55:43] merlin-logger.INFO: Imported "shape_icon_13" (Media) [] []

[2025-03-21 10:55:43] merlin-logger.DEBUG: Post 791 remapped to 791 [] []

[2025-03-21 10:55:45] merlin-logger.INFO: Imported "about_image_4" (Media) [] []

[2025-03-21 10:55:45] merlin-logger.DEBUG: Post 829 remapped to 829 [] []

[2025-03-21 10:55:46] merlin-logger.INFO: Imported "meter_icon" (Media) [] []

[2025-03-21 10:55:46] merlin-logger.DEBUG: Post 830 remapped to 830 [] []

[2025-03-21 10:55:48] merlin-logger.INFO: Imported "feature_image_2" (Media) [] []

[2025-03-21 10:55:48] merlin-logger.DEBUG: Post 874 remapped to 874 [] []

[2025-03-21 10:55:49] merlin-logger.INFO: Imported "chart_6" (Media) [] []

[2025-03-21 10:55:49] merlin-logger.DEBUG: Post 894 remapped to 894 [] []

[2025-03-21 10:55:52] merlin-logger.INFO: Imported "banner_image_5" (Media) [] []

[2025-03-21 10:55:52] merlin-logger.DEBUG: Post 927 remapped to 927 [] []

[2025-03-21 10:55:54] merlin-logger.INFO: Imported "video_box_bg_3" (Media) [] []

[2025-03-21 10:55:54] merlin-logger.DEBUG: Post 974 remapped to 974 [] []

[2025-03-21 10:55:56] merlin-logger.INFO: Imported "about_banner_image" (Media) [] []

[2025-03-21 10:55:56] merlin-logger.DEBUG: Post 1010 remapped to 1010 [] []

[2025-03-21 10:55:57] merlin-logger.INFO: Imported "error_image" (Media) [] []

[2025-03-21 10:55:57] merlin-logger.DEBUG: Post 1144 remapped to 1144 [] []

[2025-03-21 10:55:59] merlin-logger.INFO: Imported "team-5" (Media) [] []

[2025-03-21 10:55:59] merlin-logger.DEBUG: Post 1189 remapped to 1189 [] []

[2025-03-21 10:56:00] merlin-logger.INFO: Imported "team-6" (Media) [] []

[2025-03-21 10:56:00] merlin-logger.DEBUG: Post 1190 remapped to 1190 [] []

[2025-03-21 10:56:02] merlin-logger.INFO: Imported "team-7" (Media) [] []

[2025-03-21 10:56:02] merlin-logger.DEBUG: Post 1191 remapped to 1191 [] []

[2025-03-21 10:56:04] merlin-logger.INFO: Imported "team-8" (Media) [] []

[2025-03-21 10:56:04] merlin-logger.DEBUG: Post 1192 remapped to 1192 [] []

[2025-03-21 10:56:04] merlin-logger.INFO: New AJAX call! [] []

[2025-03-21 10:56:06] merlin-logger.INFO: The content import AJAX call will be executed with this import data {"title":"Content","data":"/home/u894712264/domains/agrawalgoyanka.co.in/public_html/wp-content/themes/financer/demo-import/content/content.xml"} []

[2025-03-21 10:56:06] merlin-logger.DEBUG: The Hello world post status was set to draft [] []

[2025-03-21 10:56:06] merlin-logger.WARNING: Failed to import project_cat banking [] []

[2025-03-21 10:56:06] merlin-logger.DEBUG: Invalid taxonomy. [] []

[2025-03-21 10:56:06] merlin-logger.WARNING: Failed to import project_cat Corporate [] []

[2025-03-21 10:56:06] merlin-logger.DEBUG: Invalid taxonomy. [] []

[2025-03-21 10:56:06] merlin-logger.WARNING: Failed to import project_cat financer [] []

[2025-03-21 10:56:06] merlin-logger.DEBUG: Invalid taxonomy. [] []

[2025-03-21 10:56:06] merlin-logger.WARNING: Failed to import project_cat Tax [] []

[2025-03-21 10:56:06] merlin-logger.DEBUG: Invalid taxonomy. [] []

[2025-03-21 10:56:06] merlin-logger.WARNING: Failed to import team_cat Team Grid [] []

[2025-03-21 10:56:06] merlin-logger.DEBUG: Invalid taxonomy. [] []

[2025-03-21 10:56:06] merlin-logger.WARNING: Failed to import testimonials_cat Testimonial Carousel [] []

[2025-03-21 10:56:06] merlin-logger.DEBUG: Invalid taxonomy. [] []

[2025-03-21 10:56:09] merlin-logger.INFO: Imported "services_details_image" (Media) [] []

[2025-03-21 10:56:09] merlin-logger.DEBUG: Post 1219 remapped to 1219 [] []

[2025-03-21 10:56:10] merlin-logger.INFO: Imported "project_1" (Media) [] []

[2025-03-21 10:56:10] merlin-logger.DEBUG: Post 1278 remapped to 1278 [] []

[2025-03-21 10:56:13] merlin-logger.INFO: Imported "project_2" (Media) [] []

[2025-03-21 10:56:13] merlin-logger.DEBUG: Post 1279 remapped to 1279 [] []

[2025-03-21 10:56:15] merlin-logger.INFO: Imported "project_3" (Media) [] []

[2025-03-21 10:56:15] merlin-logger.DEBUG: Post 1280 remapped to 1280 [] []

[2025-03-21 10:56:17] merlin-logger.INFO: Imported "project_4" (Media) [] []

[2025-03-21 10:56:17] merlin-logger.DEBUG: Post 1281 remapped to 1281 [] []

[2025-03-21 10:56:19] merlin-logger.INFO: Imported "project_5" (Media) [] []

[2025-03-21 10:56:19] merlin-logger.DEBUG: Post 1282 remapped to 1282 [] []

[2025-03-21 10:56:21] merlin-logger.INFO: Imported "project_6" (Media) [] []

[2025-03-21 10:56:21] merlin-logger.DEBUG: Post 1283 remapped to 1283 [] []

[2025-03-21 10:56:23] merlin-logger.INFO: Imported "banner_image_6" (Media) [] []

[2025-03-21 10:56:23] merlin-logger.DEBUG: Post 1328 remapped to 1328 [] []

[2025-03-21 10:56:25] merlin-logger.INFO: Imported "project_details_image_1" (Media) [] []

[2025-03-21 10:56:25] merlin-logger.DEBUG: Post 1329 remapped to 1329 [] []

[2025-03-21 10:56:27] merlin-logger.INFO: Imported "project_details_image_2" (Media) [] []

[2025-03-21 10:56:27] merlin-logger.DEBUG: Post 1330 remapped to 1330 [] []

[2025-03-21 10:56:27] merlin-logger.INFO: New AJAX call! [] []

[2025-03-21 10:56:27] merlin-logger.INFO: The content import AJAX call will be executed with this import data {"title":"Content","data":"/home/u894712264/domains/agrawalgoyanka.co.in/public_html/wp-content/themes/financer/demo-import/content/content.xml"} []

[2025-03-21 10:56:28] merlin-logger.DEBUG: The Hello world post status was set to draft [] []

[2025-03-21 10:56:28] merlin-logger.WARNING: Failed to import project_cat banking [] []

[2025-03-21 10:56:28] merlin-logger.DEBUG: Invalid taxonomy. [] []

[2025-03-21 10:56:28] merlin-logger.WARNING: Failed to import project_cat Corporate [] []

[2025-03-21 10:56:28] merlin-logger.DEBUG: Invalid taxonomy. [] []

[2025-03-21 10:56:28] merlin-logger.WARNING: Failed to import project_cat financer [] []

[2025-03-21 10:56:28] merlin-logger.DEBUG: Invalid taxonomy. [] []

[2025-03-21 10:56:28] merlin-logger.WARNING: Failed to import project_cat Tax [] []

[2025-03-21 10:56:28] merlin-logger.DEBUG: Invalid taxonomy. [] []

[2025-03-21 10:56:28] merlin-logger.WARNING: Failed to import team_cat Team Grid [] []

[2025-03-21 10:56:28] merlin-logger.DEBUG: Invalid taxonomy. [] []

[2025-03-21 10:56:28] merlin-logger.WARNING: Failed to import testimonials_cat Testimonial Carousel [] []

[2025-03-21 10:56:28] merlin-logger.DEBUG: Invalid taxonomy. [] []

[2025-03-21 10:56:29] merlin-logger.INFO: Imported "blog_13" (Media) [] []

[2025-03-21 10:56:29] merlin-logger.DEBUG: Post 1347 remapped to 1347 [] []

[2025-03-21 10:56:32] merlin-logger.INFO: Imported "blog_14" (Media) [] []

[2025-03-21 10:56:32] merlin-logger.DEBUG: Post 1348 remapped to 1348 [] []

[2025-03-21 10:56:34] merlin-logger.INFO: Imported "blog_15" (Media) [] []

[2025-03-21 10:56:34] merlin-logger.DEBUG: Post 1349 remapped to 1349 [] []

[2025-03-21 10:56:36] merlin-logger.INFO: Imported "blog_16" (Media) [] []

[2025-03-21 10:56:36] merlin-logger.DEBUG: Post 1350 remapped to 1350 [] []

[2025-03-21 10:56:36] merlin-logger.INFO: Imported "avatar-image" (Media) [] []

[2025-03-21 10:56:36] merlin-logger.DEBUG: Post 1453 remapped to 1453 [] []

[2025-03-21 10:56:38] merlin-logger.INFO: Imported "blog_20" (Media) [] []

[2025-03-21 10:56:38] merlin-logger.DEBUG: Post 1455 remapped to 1455 [] []

[2025-03-21 10:56:39] merlin-logger.INFO: Imported "shop_1" (Media) [] []

[2025-03-21 10:56:39] merlin-logger.DEBUG: Post 1534 remapped to 1534 [] []

[2025-03-21 10:56:40] merlin-logger.INFO: Imported "shop_2" (Media) [] []

[2025-03-21 10:56:40] merlin-logger.DEBUG: Post 1535 remapped to 1535 [] []

[2025-03-21 10:56:41] merlin-logger.INFO: Imported "shop_3" (Media) [] []

[2025-03-21 10:56:41] merlin-logger.DEBUG: Post 1536 remapped to 1536 [] []

[2025-03-21 10:56:41] merlin-logger.INFO: Imported "shop_4" (Media) [] []

[2025-03-21 10:56:41] merlin-logger.DEBUG: Post 1537 remapped to 1537 [] []

[2025-03-21 10:56:42] merlin-logger.INFO: Imported "shop_5" (Media) [] []

[2025-03-21 10:56:42] merlin-logger.DEBUG: Post 1538 remapped to 1538 [] []

[2025-03-21 10:56:44] merlin-logger.INFO: Imported "shop_6" (Media) [] []

[2025-03-21 10:56:44] merlin-logger.DEBUG: Post 1539 remapped to 1539 [] []

[2025-03-21 10:56:45] merlin-logger.INFO: Imported "shop_7" (Media) [] []

[2025-03-21 10:56:45] merlin-logger.DEBUG: Post 1540 remapped to 1540 [] []

[2025-03-21 10:56:47] merlin-logger.INFO: Imported "shop_8" (Media) [] []

[2025-03-21 10:56:47] merlin-logger.DEBUG: Post 1541 remapped to 1541 [] []

[2025-03-21 10:56:48] merlin-logger.INFO: Imported "shop_9" (Media) [] []

[2025-03-21 10:56:48] merlin-logger.DEBUG: Post 1542 remapped to 1542 [] []

[2025-03-21 10:56:48] merlin-logger.INFO: New AJAX call! [] []

[2025-03-21 10:56:49] merlin-logger.INFO: The content import AJAX call will be executed with this import data {"title":"Content","data":"/home/u894712264/domains/agrawalgoyanka.co.in/public_html/wp-content/themes/financer/demo-import/content/content.xml"} []

[2025-03-21 10:56:49] merlin-logger.DEBUG: The Hello world post status was set to draft [] []

[2025-03-21 10:56:49] merlin-logger.WARNING: Failed to import project_cat banking [] []

[2025-03-21 10:56:49] merlin-logger.DEBUG: Invalid taxonomy. [] []

[2025-03-21 10:56:49] merlin-logger.WARNING: Failed to import project_cat Corporate [] []

[2025-03-21 10:56:49] merlin-logger.DEBUG: Invalid taxonomy. [] []

[2025-03-21 10:56:49] merlin-logger.WARNING: Failed to import project_cat financer [] []

[2025-03-21 10:56:49] merlin-logger.DEBUG: Invalid taxonomy. [] []

[2025-03-21 10:56:49] merlin-logger.WARNING: Failed to import project_cat Tax [] []

[2025-03-21 10:56:49] merlin-logger.DEBUG: Invalid taxonomy. [] []

[2025-03-21 10:56:49] merlin-logger.WARNING: Failed to import team_cat Team Grid [] []

[2025-03-21 10:56:49] merlin-logger.DEBUG: Invalid taxonomy. [] []

[2025-03-21 10:56:49] merlin-logger.WARNING: Failed to import testimonials_cat Testimonial Carousel [] []

[2025-03-21 10:56:49] merlin-logger.DEBUG: Invalid taxonomy. [] []

[2025-03-21 10:56:50] merlin-logger.INFO: Imported "shop_10" (Media) [] []

[2025-03-21 10:56:50] merlin-logger.DEBUG: Post 1543 remapped to 1543 [] []

[2025-03-21 10:56:51] merlin-logger.INFO: Imported "shop_11" (Media) [] []

[2025-03-21 10:56:51] merlin-logger.DEBUG: Post 1544 remapped to 1544 [] []

[2025-03-21 10:56:52] merlin-logger.INFO: Imported "shop_12" (Media) [] []

[2025-03-21 10:56:52] merlin-logger.DEBUG: Post 1545 remapped to 1545 [] []

[2025-03-21 10:56:53] merlin-logger.INFO: Imported "shop_13" (Media) [] []

[2025-03-21 10:56:53] merlin-logger.DEBUG: Post 1546 remapped to 1546 [] []

[2025-03-21 10:56:54] merlin-logger.INFO: Imported "shop_14" (Media) [] []

[2025-03-21 10:56:54] merlin-logger.DEBUG: Post 1547 remapped to 1547 [] []

[2025-03-21 10:56:55] merlin-logger.INFO: Imported "shop_15" (Media) [] []

[2025-03-21 10:56:55] merlin-logger.DEBUG: Post 1548 remapped to 1548 [] []

[2025-03-21 10:56:56] merlin-logger.INFO: Imported "shop_16" (Media) [] []

[2025-03-21 10:56:56] merlin-logger.DEBUG: Post 1549 remapped to 1549 [] []

[2025-03-21 10:56:58] merlin-logger.INFO: Imported "image-1" (Media) [] []

[2025-03-21 10:56:58] merlin-logger.DEBUG: Post 1867 remapped to 1867 [] []

[2025-03-21 10:56:59] merlin-logger.INFO: Imported "image-2" (Media) [] []

[2025-03-21 10:56:59] merlin-logger.DEBUG: Post 1868 remapped to 1868 [] []

[2025-03-21 10:57:01] merlin-logger.INFO: Imported "image-3" (Media) [] []

[2025-03-21 10:57:01] merlin-logger.DEBUG: Post 1869 remapped to 1869 [] []

[2025-03-21 10:57:03] merlin-logger.INFO: Imported "image-4" (Media) [] []

[2025-03-21 10:57:03] merlin-logger.DEBUG: Post 1870 remapped to 1870 [] []

[2025-03-21 10:57:04] merlin-logger.INFO: Imported "image-5" (Media) [] []

[2025-03-21 10:57:04] merlin-logger.DEBUG: Post 1871 remapped to 1871 [] []

[2025-03-21 10:57:06] merlin-logger.INFO: Imported "image-6" (Media) [] []

[2025-03-21 10:57:06] merlin-logger.DEBUG: Post 1872 remapped to 1872 [] []

[2025-03-21 10:57:07] merlin-logger.INFO: Imported "portfolio-image11-copyright-840x473" (Media) [] []

[2025-03-21 10:57:07] merlin-logger.DEBUG: Post 1883 remapped to 1883 [] []

[2025-03-21 10:57:07] merlin-logger.INFO: Imported "Default Kit" (Template) [] []

[2025-03-21 10:57:07] merlin-logger.DEBUG: Post 10 remapped to 1884 [] []

[2025-03-21 10:57:07] merlin-logger.INFO: Imported "Home" (Navigation Menu Item) [] []

[2025-03-21 10:57:07] merlin-logger.DEBUG: Post 21 remapped to 1885 [] []

[2025-03-21 10:57:07] merlin-logger.DEBUG: Processing menu item custom [] []

[2025-03-21 10:57:07] merlin-logger.DEBUG: Menu item 21 mapped to 1885 [] []

[2025-03-21 10:57:07] merlin-logger.INFO: Imported "Product Cart" (Navigation Menu Item) [] []

[2025-03-21 10:57:07] merlin-logger.DEBUG: Post 22 remapped to 1886 [] []

[2025-03-21 10:57:07] merlin-logger.DEBUG: Processing menu item post_type [] []

[2025-03-21 10:57:07] merlin-logger.INFO: Imported "Product Checkout" (Navigation Menu Item) [] []

[2025-03-21 10:57:07] merlin-logger.DEBUG: Post 23 remapped to 1887 [] []

[2025-03-21 10:57:07] merlin-logger.DEBUG: Processing menu item post_type [] []

[2025-03-21 10:57:07] merlin-logger.INFO: Imported "" (Navigation Menu Item) [] []

[2025-03-21 10:57:07] merlin-logger.DEBUG: Post 24 remapped to 1888 [] []

[2025-03-21 10:57:07] merlin-logger.DEBUG: Processing menu item post_type [] []

[2025-03-21 10:57:07] merlin-logger.INFO: Imported "" (Navigation Menu Item) [] []

[2025-03-21 10:57:07] merlin-logger.DEBUG: Post 25 remapped to 1889 [] []

[2025-03-21 10:57:07] merlin-logger.DEBUG: Processing menu item post_type [] []

[2025-03-21 10:57:07] merlin-logger.INFO: Imported "" (Navigation Menu Item) [] []

[2025-03-21 10:57:07] merlin-logger.DEBUG: Post 26 remapped to 1890 [] []

[2025-03-21 10:57:07] merlin-logger.DEBUG: Processing menu item post_type [] []

[2025-03-21 10:57:07] merlin-logger.INFO: Imported "" (Sign-up Form) [] []

[2025-03-21 10:57:07] merlin-logger.DEBUG: Post 38 remapped to 38 [] []

[2025-03-21 10:57:07] merlin-logger.INFO: Imported "" (Navigation Menu Item) [] []

[2025-03-21 10:57:07] merlin-logger.DEBUG: Post 1469 remapped to 1469 [] []

[2025-03-21 10:57:07] merlin-logger.DEBUG: Processing menu item post_type [] []

[2025-03-21 10:57:07] merlin-logger.INFO: Imported "" (Navigation Menu Item) [] []

[2025-03-21 10:57:07] merlin-logger.DEBUG: Post 1470 remapped to 1470 [] []

[2025-03-21 10:57:07] merlin-logger.DEBUG: Processing menu item post_type [] []

[2025-03-21 10:57:07] merlin-logger.INFO: Imported "" (Navigation Menu Item) [] []

[2025-03-21 10:57:07] merlin-logger.DEBUG: Post 1471 remapped to 1471 [] []

[2025-03-21 10:57:07] merlin-logger.DEBUG: Processing menu item post_type [] []

[2025-03-21 10:57:07] merlin-logger.INFO: Imported "" (Navigation Menu Item) [] []

[2025-03-21 10:57:07] merlin-logger.DEBUG: Post 1472 remapped to 1472 [] []

[2025-03-21 10:57:07] merlin-logger.DEBUG: Processing menu item post_type [] []

[2025-03-21 10:57:07] merlin-logger.INFO: Imported "" (Navigation Menu Item) [] []

[2025-03-21 10:57:07] merlin-logger.DEBUG: Post 1474 remapped to 1474 [] []

[2025-03-21 10:57:07] merlin-logger.DEBUG: Processing menu item post_type [] []

[2025-03-21 10:57:07] merlin-logger.INFO: Imported "" (Navigation Menu Item) [] []

[2025-03-21 10:57:07] merlin-logger.DEBUG: Post 1580 remapped to 1580 [] []

[2025-03-21 10:57:07] merlin-logger.DEBUG: Processing menu item post_type [] []

[2025-03-21 10:57:07] merlin-logger.INFO: Imported "" (Navigation Menu Item) [] []

[2025-03-21 10:57:07] merlin-logger.DEBUG: Post 1581 remapped to 1581 [] []

[2025-03-21 10:57:07] merlin-logger.DEBUG: Processing menu item post_type [] []

[2025-03-21 10:57:07] merlin-logger.INFO: Imported "" (Navigation Menu Item) [] []

[2025-03-21 10:57:07] merlin-logger.DEBUG: Post 1582 remapped to 1582 [] []

[2025-03-21 10:57:07] merlin-logger.DEBUG: Processing menu item post_type [] []

[2025-03-21 10:57:07] merlin-logger.INFO: Imported "" (Navigation Menu Item) [] []

[2025-03-21 10:57:07] merlin-logger.DEBUG: Post 1583 remapped to 1583 [] []

[2025-03-21 10:57:07] merlin-logger.DEBUG: Processing menu item post_type [] []

[2025-03-21 10:57:07] merlin-logger.INFO: Imported "" (Navigation Menu Item) [] []

[2025-03-21 10:57:07] merlin-logger.DEBUG: Post 1584 remapped to 1584 [] []

[2025-03-21 10:57:07] merlin-logger.DEBUG: Processing menu item post_type [] []

[2025-03-21 10:57:09] merlin-logger.INFO: Imported "credit-card" (Media) [] []

[2025-03-21 10:57:09] merlin-logger.DEBUG: Post 1907 remapped to 1907 [] []

[2025-03-21 10:57:12] merlin-logger.INFO: Imported "mastercard" (Media) [] []

[2025-03-21 10:57:12] merlin-logger.DEBUG: Post 1908 remapped to 1908 [] []

[2025-03-21 10:57:12] merlin-logger.INFO: New AJAX call! [] []

[2025-03-21 10:57:13] merlin-logger.INFO: The content import AJAX call will be executed with this import data {"title":"Content","data":"/home/u894712264/domains/agrawalgoyanka.co.in/public_html/wp-content/themes/financer/demo-import/content/content.xml"} []

[2025-03-21 10:57:13] merlin-logger.DEBUG: The Hello world post status was set to draft [] []

[2025-03-21 10:57:13] merlin-logger.WARNING: Failed to import project_cat banking [] []

[2025-03-21 10:57:13] merlin-logger.DEBUG: Invalid taxonomy. [] []

[2025-03-21 10:57:13] merlin-logger.WARNING: Failed to import project_cat Corporate [] []

[2025-03-21 10:57:13] merlin-logger.DEBUG: Invalid taxonomy. [] []

[2025-03-21 10:57:13] merlin-logger.WARNING: Failed to import project_cat financer [] []

[2025-03-21 10:57:13] merlin-logger.DEBUG: Invalid taxonomy. [] []

[2025-03-21 10:57:13] merlin-logger.WARNING: Failed to import project_cat Tax [] []

[2025-03-21 10:57:13] merlin-logger.DEBUG: Invalid taxonomy. [] []

[2025-03-21 10:57:13] merlin-logger.WARNING: Failed to import team_cat Team Grid [] []

[2025-03-21 10:57:13] merlin-logger.DEBUG: Invalid taxonomy. [] []

[2025-03-21 10:57:13] merlin-logger.WARNING: Failed to import testimonials_cat Testimonial Carousel [] []

[2025-03-21 10:57:13] merlin-logger.DEBUG: Invalid taxonomy. [] []

[2025-03-21 10:57:13] merlin-logger.INFO: Imported "" (Navigation Menu Item) [] []

[2025-03-21 10:57:13] merlin-logger.DEBUG: Post 27 remapped to 1909 [] []

[2025-03-21 10:57:13] merlin-logger.DEBUG: Processing menu item post_type [] []

[2025-03-21 10:57:13] merlin-logger.INFO: Imported "Shop" (Navigation Menu Item) [] []

[2025-03-21 10:57:13] merlin-logger.DEBUG: Post 28 remapped to 28 [] []

[2025-03-21 10:57:13] merlin-logger.DEBUG: Processing menu item custom [] []

[2025-03-21 10:57:13] merlin-logger.DEBUG: Menu item 28 mapped to 28 [] []

[2025-03-21 10:57:13] merlin-logger.INFO: Imported "Services" (Navigation Menu Item) [] []

[2025-03-21 10:57:13] merlin-logger.DEBUG: Post 30 remapped to 30 [] []

[2025-03-21 10:57:13] merlin-logger.DEBUG: Processing menu item custom [] []

[2025-03-21 10:57:13] merlin-logger.DEBUG: Menu item 30 mapped to 30 [] []

[2025-03-21 10:57:13] merlin-logger.INFO: Imported "Projects" (Navigation Menu Item) [] []

[2025-03-21 10:57:13] merlin-logger.DEBUG: Post 31 remapped to 31 [] []

[2025-03-21 10:57:13] merlin-logger.DEBUG: Processing menu item custom [] []

[2025-03-21 10:57:13] merlin-logger.DEBUG: Menu item 31 mapped to 31 [] []

[2025-03-21 10:57:13] merlin-logger.INFO: Imported "Pages" (Navigation Menu Item) [] []

[2025-03-21 10:57:13] merlin-logger.DEBUG: Post 32 remapped to 32 [] []

[2025-03-21 10:57:13] merlin-logger.DEBUG: Processing menu item custom [] []

[2025-03-21 10:57:13] merlin-logger.DEBUG: Menu item 32 mapped to 32 [] []

[2025-03-21 10:57:13] merlin-logger.INFO: Imported "News" (Navigation Menu Item) [] []

[2025-03-21 10:57:13] merlin-logger.DEBUG: Post 33 remapped to 33 [] []

[2025-03-21 10:57:13] merlin-logger.DEBUG: Processing menu item custom [] []

[2025-03-21 10:57:13] merlin-logger.DEBUG: Menu item 33 mapped to 33 [] []

[2025-03-21 10:57:13] merlin-logger.INFO: Imported "" (Navigation Menu Item) [] []

[2025-03-21 10:57:13] merlin-logger.DEBUG: Post 645 remapped to 645 [] []

[2025-03-21 10:57:13] merlin-logger.DEBUG: Processing menu item post_type [] []

[2025-03-21 10:57:13] merlin-logger.INFO: Imported "" (Navigation Menu Item) [] []

[2025-03-21 10:57:13] merlin-logger.DEBUG: Post 787 remapped to 787 [] []

[2025-03-21 10:57:13] merlin-logger.DEBUG: Processing menu item post_type [] []

[2025-03-21 10:57:13] merlin-logger.INFO: Imported "" (Navigation Menu Item) [] []

[2025-03-21 10:57:13] merlin-logger.DEBUG: Post 931 remapped to 931 [] []

[2025-03-21 10:57:13] merlin-logger.DEBUG: Processing menu item post_type [] []

[2025-03-21 10:57:13] merlin-logger.INFO: Imported "" (Navigation Menu Item) [] []

[2025-03-21 10:57:13] merlin-logger.DEBUG: Post 998 remapped to 998 [] []

[2025-03-21 10:57:13] merlin-logger.DEBUG: Processing menu item post_type [] []

[2025-03-21 10:57:13] merlin-logger.INFO: Imported "" (Navigation Menu Item) [] []

[2025-03-21 10:57:13] merlin-logger.DEBUG: Post 1061 remapped to 1061 [] []

[2025-03-21 10:57:13] merlin-logger.DEBUG: Processing menu item post_type [] []

[2025-03-21 10:57:13] merlin-logger.INFO: Imported "" (Navigation Menu Item) [] []

[2025-03-21 10:57:13] merlin-logger.DEBUG: Post 1062 remapped to 1062 [] []

[2025-03-21 10:57:13] merlin-logger.DEBUG: Processing menu item post_type [] []

[2025-03-21 10:57:13] merlin-logger.INFO: Imported "" (Navigation Menu Item) [] []

[2025-03-21 10:57:13] merlin-logger.DEBUG: Post 1142 remapped to 1142 [] []

[2025-03-21 10:57:13] merlin-logger.DEBUG: Processing menu item post_type [] []

[2025-03-21 10:57:13] merlin-logger.INFO: Imported "" (Navigation Menu Item) [] []

[2025-03-21 10:57:13] merlin-logger.DEBUG: Post 1143 remapped to 1143 [] []

[2025-03-21 10:57:13] merlin-logger.DEBUG: Processing menu item post_type [] []

[2025-03-21 10:57:13] merlin-logger.INFO: Imported "Error Page" (Navigation Menu Item) [] []

[2025-03-21 10:57:13] merlin-logger.DEBUG: Post 1145 remapped to 1145 [] []

[2025-03-21 10:57:13] merlin-logger.DEBUG: Processing menu item custom [] []

[2025-03-21 10:57:13] merlin-logger.DEBUG: Menu item 1145 mapped to 1145 [] []

[2025-03-21 10:57:13] merlin-logger.INFO: Imported "Testimonial" (Navigation Menu Item) [] []

[2025-03-21 10:57:13] merlin-logger.DEBUG: Post 1146 remapped to 1146 [] []

[2025-03-21 10:57:13] merlin-logger.DEBUG: Processing menu item custom [] []

[2025-03-21 10:57:13] merlin-logger.DEBUG: Menu item 1146 mapped to 1146 [] []

[2025-03-21 10:57:13] merlin-logger.INFO: Imported "" (Navigation Menu Item) [] []

[2025-03-21 10:57:13] merlin-logger.DEBUG: Post 1155 remapped to 1155 [] []

[2025-03-21 10:57:13] merlin-logger.DEBUG: Processing menu item post_type [] []

[2025-03-21 10:57:13] merlin-logger.INFO: Imported "" (Navigation Menu Item) [] []

[2025-03-21 10:57:13] merlin-logger.DEBUG: Post 1177 remapped to 1177 [] []

[2025-03-21 10:57:13] merlin-logger.DEBUG: Processing menu item post_type [] []

[2025-03-21 10:57:13] merlin-logger.INFO: Imported "Our Team" (Navigation Menu Item) [] []

[2025-03-21 10:57:13] merlin-logger.DEBUG: Post 1178 remapped to 1178 [] []

[2025-03-21 10:57:13] merlin-logger.DEBUG: Processing menu item custom [] []

[2025-03-21 10:57:13] merlin-logger.DEBUG: Menu item 1178 mapped to 1178 [] []

[2025-03-21 10:57:13] merlin-logger.INFO: Imported "Our Team" (Navigation Menu Item) [] []

[2025-03-21 10:57:13] merlin-logger.DEBUG: Post 1187 remapped to 1187 [] []

[2025-03-21 10:57:13] merlin-logger.DEBUG: Processing menu item post_type [] []

[2025-03-21 10:57:13] merlin-logger.INFO: Imported "My Shop" (Page) [] []

[2025-03-21 10:57:13] merlin-logger.DEBUG: Post 12 remapped to 12 [] []

[2025-03-21 10:57:13] merlin-logger.INFO: Imported "My Cart" (Page) [] []

[2025-03-21 10:57:13] merlin-logger.DEBUG: Post 13 remapped to 13 [] []

[2025-03-21 10:57:13] merlin-logger.INFO: Imported "My Checkout" (Page) [] []

[2025-03-21 10:57:13] merlin-logger.DEBUG: Post 14 remapped to 14 [] []

[2025-03-21 10:57:13] merlin-logger.INFO: Imported "My account" (Page) [] []

[2025-03-21 10:57:13] merlin-logger.DEBUG: Post 15 remapped to 1910 [] []

[2025-03-21 10:57:13] merlin-logger.INFO: Imported "Home One" (Page) [] []

[2025-03-21 10:57:13] merlin-logger.DEBUG: Post 17 remapped to 1911 [] []

[2025-03-21 10:57:13] merlin-logger.INFO: Imported "Home Two" (Page) [] []

[2025-03-21 10:57:13] merlin-logger.DEBUG: Post 19 remapped to 1912 [] []

[2025-03-21 10:57:13] merlin-logger.INFO: Imported "Team Details" (Navigation Menu Item) [] []

[2025-03-21 10:57:13] merlin-logger.DEBUG: Post 1197 remapped to 1197 [] []

[2025-03-21 10:57:13] merlin-logger.DEBUG: Processing menu item post_type [] []

[2025-03-21 10:57:13] merlin-logger.INFO: Imported "Project Details" (Navigation Menu Item) [] []

[2025-03-21 10:57:13] merlin-logger.DEBUG: Post 1331 remapped to 1331 [] []

[2025-03-21 10:57:13] merlin-logger.DEBUG: Processing menu item post_type [] []

[2025-03-21 10:57:13] merlin-logger.INFO: Imported "" (Navigation Menu Item) [] []

[2025-03-21 10:57:13] merlin-logger.DEBUG: Post 1343 remapped to 1343 [] []

[2025-03-21 10:57:13] merlin-logger.DEBUG: Processing menu item post_type [] []

[2025-03-21 10:57:13] merlin-logger.INFO: Imported "" (Navigation Menu Item) [] []

[2025-03-21 10:57:13] merlin-logger.DEBUG: Post 1356 remapped to 1356 [] []

[2025-03-21 10:57:13] merlin-logger.DEBUG: Processing menu item post_type [] []

[2025-03-21 10:57:13] merlin-logger.INFO: Imported "" (Navigation Menu Item) [] []

[2025-03-21 10:57:13] merlin-logger.DEBUG: Post 1399 remapped to 1399 [] []

[2025-03-21 10:57:13] merlin-logger.DEBUG: Processing menu item post_type [] []

[2025-03-21 10:57:13] merlin-logger.INFO: Imported "Blog Details Two" (Navigation Menu Item) [] []

[2025-03-21 10:57:13] merlin-logger.DEBUG: Post 1466 remapped to 1466 [] []

[2025-03-21 10:57:13] merlin-logger.DEBUG: Processing menu item post_type [] []

[2025-03-21 10:57:13] merlin-logger.INFO: Imported "Blog Details" (Navigation Menu Item) [] []

[2025-03-21 10:57:13] merlin-logger.DEBUG: Post 1467 remapped to 1467 [] []

[2025-03-21 10:57:13] merlin-logger.DEBUG: Processing menu item post_type [] []

[2025-03-21 10:57:13] merlin-logger.INFO: Imported "" (Navigation Menu Item) [] []

[2025-03-21 10:57:13] merlin-logger.DEBUG: Post 1523 remapped to 1523 [] []

[2025-03-21 10:57:13] merlin-logger.DEBUG: Processing menu item post_type [] []

[2025-03-21 10:57:13] merlin-logger.INFO: Imported "" (Navigation Menu Item) [] []

[2025-03-21 10:57:13] merlin-logger.DEBUG: Post 1585 remapped to 1585 [] []

[2025-03-21 10:57:13] merlin-logger.DEBUG: Processing menu item post_type [] []

[2025-03-21 10:57:13] merlin-logger.INFO: Imported "" (Navigation Menu Item) [] []

[2025-03-21 10:57:13] merlin-logger.DEBUG: Post 1586 remapped to 1586 [] []

[2025-03-21 10:57:13] merlin-logger.DEBUG: Processing menu item post_type [] []

[2025-03-21 10:57:13] merlin-logger.INFO: Imported "" (Navigation Menu Item) [] []

[2025-03-21 10:57:13] merlin-logger.DEBUG: Post 1587 remapped to 1587 [] []

[2025-03-21 10:57:13] merlin-logger.DEBUG: Processing menu item post_type [] []

[2025-03-21 10:57:13] merlin-logger.INFO: Imported "" (Navigation Menu Item) [] []

[2025-03-21 10:57:13] merlin-logger.DEBUG: Post 1588 remapped to 1588 [] []

[2025-03-21 10:57:13] merlin-logger.DEBUG: Processing menu item post_type [] []

[2025-03-21 10:57:13] merlin-logger.INFO: Imported "" (Navigation Menu Item) [] []

[2025-03-21 10:57:13] merlin-logger.DEBUG: Post 1589 remapped to 1589 [] []

[2025-03-21 10:57:13] merlin-logger.DEBUG: Processing menu item post_type [] []

[2025-03-21 10:57:13] merlin-logger.INFO: Imported "Product Details" (Navigation Menu Item) [] []

[2025-03-21 10:57:13] merlin-logger.DEBUG: Post 1651 remapped to 1651 [] []

[2025-03-21 10:57:13] merlin-logger.DEBUG: Processing menu item post_type [] []

[2025-03-21 10:57:13] merlin-logger.INFO: Imported "Home Three" (Page) [] []

[2025-03-21 10:57:13] merlin-logger.DEBUG: Post 637 remapped to 637 [] []

[2025-03-21 10:57:13] merlin-logger.INFO: Imported "Home Four" (Page) [] []

[2025-03-21 10:57:13] merlin-logger.DEBUG: Post 782 remapped to 782 [] []

[2025-03-21 10:57:13] merlin-logger.INFO: Imported "Home Five" (Page) [] []

[2025-03-21 10:57:13] merlin-logger.DEBUG: Post 925 remapped to 925 [] []

[2025-03-21 10:57:13] merlin-logger.INFO: Imported "About Us" (Page) [] []

[2025-03-21 10:57:13] merlin-logger.DEBUG: Post 996 remapped to 996 [] []

[2025-03-21 10:57:13] merlin-logger.INFO: Imported "Services" (Page) [] []

[2025-03-21 10:57:13] merlin-logger.DEBUG: Post 1057 remapped to 1057 [] []

[2025-03-21 10:57:13] merlin-logger.INFO: Imported "Services Two" (Page) [] []

[2025-03-21 10:57:13] merlin-logger.DEBUG: Post 1058 remapped to 1058 [] []

[2025-03-21 10:57:14] merlin-logger.INFO: Imported "Projects" (Page) [] []

[2025-03-21 10:57:14] merlin-logger.DEBUG: Post 1135 remapped to 1135 [] []

[2025-03-21 10:57:14] merlin-logger.INFO: Imported "Faqs" (Page) [] []

[2025-03-21 10:57:14] merlin-logger.DEBUG: Post 1137 remapped to 1137 [] []

[2025-03-21 10:57:14] merlin-logger.INFO: Imported "Testimonial One" (Page) [] []

[2025-03-21 10:57:14] merlin-logger.DEBUG: Post 1147 remapped to 1147 [] []

[2025-03-21 10:57:14] merlin-logger.INFO: Imported "Testimonial Two" (Page) [] []

[2025-03-21 10:57:14] merlin-logger.DEBUG: Post 1156 remapped to 1156 [] []

[2025-03-21 10:57:14] merlin-logger.INFO: Imported "Team" (Page) [] []

[2025-03-21 10:57:14] merlin-logger.DEBUG: Post 1179 remapped to 1179 [] []

[2025-03-21 10:57:14] merlin-logger.INFO: Imported "Expert Consultant" (Page) [] []

[2025-03-21 10:57:14] merlin-logger.DEBUG: Post 1200 remapped to 1200 [] []

[2025-03-21 10:57:14] merlin-logger.INFO: Imported "Blog Grid" (Page) [] []

[2025-03-21 10:57:14] merlin-logger.DEBUG: Post 1332 remapped to 1332 [] []

[2025-03-21 10:57:14] merlin-logger.INFO: Imported "Blog Standard" (Page) [] []

[2025-03-21 10:57:14] merlin-logger.DEBUG: Post 1354 remapped to 1354 [] []

[2025-03-21 10:57:14] merlin-logger.INFO: Imported "Contact Us" (Page) [] []

[2025-03-21 10:57:14] merlin-logger.DEBUG: Post 1357 remapped to 1357 [] []

[2025-03-21 10:57:14] merlin-logger.INFO: Imported "Pricing Plans" (Page) [] []

[2025-03-21 10:57:14] merlin-logger.DEBUG: Post 1518 remapped to 1518 [] []

[2025-03-21 10:57:14] merlin-logger.INFO: Imported "Retirement Solutions" (Page) [] []

[2025-03-21 10:57:14] merlin-logger.DEBUG: Post 1560 remapped to 1560 [] []

[2025-03-21 10:57:14] merlin-logger.INFO: Imported "Fraud & Protect" (Page) [] []

[2025-03-21 10:57:14] merlin-logger.DEBUG: Post 1561 remapped to 1561 [] []

[2025-03-21 10:57:14] merlin-logger.INFO: Imported "Risk & Compliance" (Page) [] []

[2025-03-21 10:57:14] merlin-logger.DEBUG: Post 1562 remapped to 1562 [] []

[2025-03-21 10:57:14] merlin-logger.INFO: Imported "Wealth Management" (Page) [] []

[2025-03-21 10:57:14] merlin-logger.DEBUG: Post 1563 remapped to 1563 [] []

[2025-03-21 10:57:15] merlin-logger.INFO: Imported "Sound Box" (Product) [] []

[2025-03-21 10:57:15] merlin-logger.DEBUG: Post 6 remapped to 1913 [] []

[2025-03-21 10:57:15] merlin-logger.INFO: Imported "Wireless Headphone" (Product) [] []

[2025-03-21 10:57:15] merlin-logger.DEBUG: Post 7 remapped to 7 [] []

[2025-03-21 10:57:15] merlin-logger.INFO: Imported "Electric Charger" (Product) [] []

[2025-03-21 10:57:15] merlin-logger.DEBUG: Post 8 remapped to 8 [] []

[2025-03-21 10:57:15] merlin-logger.INFO: Imported "Helping people access the support they’re entitled to" (Post) [] []

[2025-03-21 10:57:15] merlin-logger.DEBUG: Post 625 remapped to 625 [] []

[2025-03-21 10:57:15] merlin-logger.INFO: Imported "A Financial Inclusion Plan for the whole sector" (Post) [] []

[2025-03-21 10:57:15] merlin-logger.DEBUG: Post 630 remapped to 630 [] []

[2025-03-21 10:57:15] merlin-logger.INFO: Imported "Meet Vince our Community Finance Engagement Manager" (Post) [] []

[2025-03-21 10:57:15] merlin-logger.DEBUG: Post 631 remapped to 631 [] []

[2025-03-21 10:57:15] merlin-logger.INFO: Imported "Helping people access the support they’re entitled to" (Post) [] []

[2025-03-21 10:57:15] merlin-logger.DEBUG: Post 1345 remapped to 1345 [] []

[2025-03-21 10:57:15] merlin-logger.INFO: Imported "Digital Headphone" (Product) [] []

[2025-03-21 10:57:15] merlin-logger.DEBUG: Post 1476 remapped to 1476 [] []

[2025-03-21 10:57:15] merlin-logger.INFO: Imported "Sound Box" (Product) [] []

[2025-03-21 10:57:15] merlin-logger.DEBUG: Post 1477 remapped to 1477 [] []

[2025-03-21 10:57:15] merlin-logger.INFO: Imported "Smart Watch" (Product) [] []

[2025-03-21 10:57:15] merlin-logger.DEBUG: Post 1478 remapped to 1478 [] []

[2025-03-21 10:57:15] merlin-logger.INFO: Imported "Digital Headphone" (Product) [] []

[2025-03-21 10:57:15] merlin-logger.DEBUG: Post 1479 remapped to 1479 [] []

[2025-03-21 10:57:15] merlin-logger.INFO: Imported "Remort Consol" (Product) [] []

[2025-03-21 10:57:15] merlin-logger.DEBUG: Post 1480 remapped to 1480 [] []

[2025-03-21 10:57:15] merlin-logger.INFO: Imported "Worldpay Solutions" (Page) [] []

[2025-03-21 10:57:15] merlin-logger.DEBUG: Post 1596 remapped to 1596 [] []

[2025-03-21 10:57:15] merlin-logger.INFO: Imported "Innovative Fintech" (Page) [] []

[2025-03-21 10:57:15] merlin-logger.DEBUG: Post 1597 remapped to 1597 [] []

[2025-03-21 10:57:15] merlin-logger.INFO: Imported "Analysis of information about customers" (Post) [] []

[2025-03-21 10:57:15] merlin-logger.DEBUG: Post 1861 remapped to 1861 [] []

[2025-03-21 10:57:15] merlin-logger.INFO: Imported "Meet Vince our Community Finance Engagement Manager" (Post) [] []

[2025-03-21 10:57:15] merlin-logger.DEBUG: Post 1862 remapped to 1862 [] []

[2025-03-21 10:57:15] merlin-logger.INFO: Imported "The principle of accounting for all registers" (Post) [] []

[2025-03-21 10:57:15] merlin-logger.DEBUG: Post 1863 remapped to 1863 [] []

[2025-03-21 10:57:15] merlin-logger.INFO: Imported "Documents required for business analysis" (Post) [] []

[2025-03-21 10:57:15] merlin-logger.DEBUG: Post 1864 remapped to 1864 [] []

[2025-03-21 10:57:15] merlin-logger.INFO: Imported "Quality control of accounting services" (Post) [] []

[2025-03-21 10:57:15] merlin-logger.DEBUG: Post 1865 remapped to 1865 [] []

[2025-03-21 10:57:15] merlin-logger.INFO: Imported "A Financial Inclusion Plan for the whole sector" (Post) [] []

[2025-03-21 10:57:15] merlin-logger.DEBUG: Post 1866 remapped to 1866 [] []

[2025-03-21 10:57:15] merlin-logger.INFO: Imported "Digital Laptop" (Product) [] []

[2025-03-21 10:57:15] merlin-logger.DEBUG: Post 29 remapped to 29 [] []

[2025-03-21 10:57:15] merlin-logger.WARNING: Failed to import "Corporate Banking & Tax discount": Invalid post type project [] []

[2025-03-21 10:57:15] merlin-logger.WARNING: Failed to import "Revenue audit for Finance Office": Invalid post type project [] []

[2025-03-21 10:57:15] merlin-logger.WARNING: Failed to import "Tax Reduce for IT compnay": Invalid post type project [] []

[2025-03-21 10:57:15] merlin-logger.INFO: Imported "Apple Iphone" (Product) [] []

[2025-03-21 10:57:15] merlin-logger.DEBUG: Post 1481 remapped to 1481 [] []

[2025-03-21 10:57:15] merlin-logger.INFO: Imported "Sound Box" (Product) [] []

[2025-03-21 10:57:15] merlin-logger.DEBUG: Post 1482 remapped to 1482 [] []

[2025-03-21 10:57:15] merlin-logger.INFO: Imported "Digital Headphone" (Product) [] []

[2025-03-21 10:57:15] merlin-logger.DEBUG: Post 1483 remapped to 1483 [] []

[2025-03-21 10:57:15] merlin-logger.INFO: Imported "Remort Consol" (Product) [] []

[2025-03-21 10:57:15] merlin-logger.DEBUG: Post 1484 remapped to 1484 [] []

[2025-03-21 10:57:15] merlin-logger.INFO: Imported "Apple Iphone" (Product) [] []

[2025-03-21 10:57:15] merlin-logger.DEBUG: Post 1485 remapped to 1485 [] []

[2025-03-21 10:57:15] merlin-logger.INFO: Imported "Sound Box" (Product) [] []

[2025-03-21 10:57:15] merlin-logger.DEBUG: Post 1486 remapped to 1486 [] []

[2025-03-21 10:57:15] merlin-logger.INFO: Imported "Sound Box - Red" (Variations) [] []

[2025-03-21 10:57:15] merlin-logger.DEBUG: Post 1487 remapped to 1487 [] []

[2025-03-21 10:57:15] merlin-logger.INFO: Imported "Sound Box - Green" (Variations) [] []

[2025-03-21 10:57:15] merlin-logger.DEBUG: Post 1488 remapped to 1488 [] []

[2025-03-21 10:57:15] merlin-logger.INFO: Imported "Sound Box - Blue" (Variations) [] []

[2025-03-21 10:57:15] merlin-logger.DEBUG: Post 1489 remapped to 1489 [] []

[2025-03-21 10:57:15] merlin-logger.INFO: Imported "Wireless Headphone - Red, No" (Variations) [] []

[2025-03-21 10:57:15] merlin-logger.DEBUG: Post 1490 remapped to 1490 [] []

[2025-03-21 10:57:15] merlin-logger.INFO: Imported "Wireless Headphone - Green, No" (Variations) [] []

[2025-03-21 10:57:15] merlin-logger.DEBUG: Post 1491 remapped to 1491 [] []

[2025-03-21 10:57:15] merlin-logger.INFO: Imported "Wireless Headphone - Blue, No" (Variations) [] []

[2025-03-21 10:57:15] merlin-logger.DEBUG: Post 1492 remapped to 1492 [] []

[2025-03-21 10:57:15] merlin-logger.INFO: Imported "Smart Phone" (Product) [] []

[2025-03-21 10:57:15] merlin-logger.DEBUG: Post 1493 remapped to 1493 [] []

[2025-03-21 10:57:15] merlin-logger.INFO: Imported "Play Console" (Product) [] []

[2025-03-21 10:57:15] merlin-logger.DEBUG: Post 1494 remapped to 1494 [] []

[2025-03-21 10:57:15] merlin-logger.INFO: Imported "Smart Watch" (Product) [] []

[2025-03-21 10:57:15] merlin-logger.DEBUG: Post 1495 remapped to 1495 [] []

[2025-03-21 10:57:16] merlin-logger.INFO: Imported "Wireless Headphone - Blue, Yes" (Variations) [] []

[2025-03-21 10:57:16] merlin-logger.DEBUG: Post 1496 remapped to 1496 [] []

[2025-03-21 10:57:16] merlin-logger.INFO: Imported "Navigation" (Navigation Menu) [] []

[2025-03-21 10:57:16] merlin-logger.DEBUG: Post 4 remapped to 1914 [] []

[2025-03-21 10:57:16] merlin-logger.INFO: Imported "Contact form 1" (Contact Form) [] []

[2025-03-21 10:57:16] merlin-logger.DEBUG: Post 9 remapped to 9 [] []

[2025-03-21 10:57:16] merlin-logger.WARNING: Failed to import "Ronald Richards": Invalid post type team [] []

[2025-03-21 10:57:16] merlin-logger.WARNING: Failed to import "Theresa Webb": Invalid post type team [] []

[2025-03-21 10:57:16] merlin-logger.WARNING: Failed to import "Brooklyn Simmons": Invalid post type team [] []

[2025-03-21 10:57:16] merlin-logger.WARNING: Failed to import "Leslie Alexander": Invalid post type team [] []

[2025-03-21 10:57:16] merlin-logger.WARNING: Failed to import "Ronald Rogan": Invalid post type testimonials [] []

[2025-03-21 10:57:16] merlin-logger.WARNING: Failed to import "Ronald Rogan": Invalid post type testimonials [] []

[2025-03-21 10:57:16] merlin-logger.WARNING: Failed to import "Ronald Rogan": Invalid post type testimonials [] []

[2025-03-21 10:57:16] merlin-logger.WARNING: Failed to import "Ronald Rogan": Invalid post type testimonials [] []

[2025-03-21 10:57:16] merlin-logger.WARNING: Failed to import "Ronald Rogan": Invalid post type testimonials [] []

[2025-03-21 10:57:16] merlin-logger.WARNING: Failed to import "Theresa Webb": Invalid post type testimonials [] []

[2025-03-21 10:57:16] merlin-logger.WARNING: Failed to import "Ronald Richards": Invalid post type team [] []

[2025-03-21 10:57:16] merlin-logger.WARNING: Failed to import "Theresa Webb": Invalid post type team [] []

[2025-03-21 10:57:16] merlin-logger.WARNING: Failed to import "Brooklyn Simmons": Invalid post type team [] []

[2025-03-21 10:57:16] merlin-logger.WARNING: Failed to import "Leslie Alexander": Invalid post type team [] []

[2025-03-21 10:57:16] merlin-logger.WARNING: Failed to import "Loan for Fijitsu Corporation": Invalid post type project [] []

[2025-03-21 10:57:16] merlin-logger.WARNING: Failed to import "Income tax for individual clients": Invalid post type project [] []

[2025-03-21 10:57:16] merlin-logger.WARNING: Failed to import "Update analogue data to digital data": Invalid post type project [] []

[2025-03-21 10:57:16] merlin-logger.WARNING: Failed to import "Corporate Banking & Tax discount": Invalid post type project [] []

[2025-03-21 10:57:16] merlin-logger.INFO: Imported "Contact Us Form" (Contact Form) [] []

[2025-03-21 10:57:16] merlin-logger.DEBUG: Post 1449 remapped to 1449 [] []

[2025-03-21 10:57:16] merlin-logger.DEBUG: Running post-processing for post 39 [] []

[2025-03-21 10:57:16] merlin-logger.WARNING: Could not find the author for "beanie-2.jpg" (post #39) [] []

[2025-03-21 10:57:16] merlin-logger.DEBUG: Post 39 was imported with author "agrawalgoyanka1@gmail.com", but could not be found [] []

[2025-03-21 10:57:16] merlin-logger.DEBUG: Running post-processing for post 1497 [] []

[2025-03-21 10:57:16] merlin-logger.WARNING: Could not find the author for "vneck-tee-2.jpg" (post #1497) [] []

[2025-03-21 10:57:16] merlin-logger.DEBUG: Post 1497 was imported with author "agrawalgoyanka1@gmail.com", but could not be found [] []

[2025-03-21 10:57:16] merlin-logger.DEBUG: Running post-processing for post 1498 [] []

[2025-03-21 10:57:16] merlin-logger.WARNING: Could not find the author for "vnech-tee-green-1.jpg" (post #1498) [] []

[2025-03-21 10:57:16] merlin-logger.DEBUG: Post 1498 was imported with author "agrawalgoyanka1@gmail.com", but could not be found [] []

[2025-03-21 10:57:16] merlin-logger.DEBUG: Running post-processing for post 1499 [] []

[2025-03-21 10:57:16] merlin-logger.WARNING: Could not find the author for "vnech-tee-blue-1.jpg" (post #1499) [] []

[2025-03-21 10:57:16] merlin-logger.DEBUG: Post 1499 was imported with author "agrawalgoyanka1@gmail.com", but could not be found [] []

[2025-03-21 10:57:16] merlin-logger.DEBUG: Running post-processing for post 1500 [] []

[2025-03-21 10:57:16] merlin-logger.WARNING: Could not find the author for "hoodie-2.jpg" (post #1500) [] []

[2025-03-21 10:57:16] merlin-logger.DEBUG: Post 1500 was imported with author "agrawalgoyanka1@gmail.com", but could not be found [] []

[2025-03-21 10:57:16] merlin-logger.DEBUG: Running post-processing for post 1501 [] []

[2025-03-21 10:57:16] merlin-logger.WARNING: Could not find the author for "hoodie-blue-1.jpg" (post #1501) [] []

[2025-03-21 10:57:16] merlin-logger.DEBUG: Post 1501 was imported with author "agrawalgoyanka1@gmail.com", but could not be found [] []

[2025-03-21 10:57:16] merlin-logger.DEBUG: Running post-processing for post 1502 [] []

[2025-03-21 10:57:16] merlin-logger.WARNING: Could not find the author for "hoodie-green-1.jpg" (post #1502) [] []

[2025-03-21 10:57:16] merlin-logger.DEBUG: Post 1502 was imported with author "agrawalgoyanka1@gmail.com", but could not be found [] []

[2025-03-21 10:57:16] merlin-logger.DEBUG: Running post-processing for post 1503 [] []

[2025-03-21 10:57:16] merlin-logger.WARNING: Could not find the author for "hoodie-with-logo-2.jpg" (post #1503) [] []

[2025-03-21 10:57:16] merlin-logger.DEBUG: Post 1503 was imported with author "agrawalgoyanka1@gmail.com", but could not be found [] []

[2025-03-21 10:57:16] merlin-logger.DEBUG: Running post-processing for post 1504 [] []

[2025-03-21 10:57:16] merlin-logger.WARNING: Could not find the author for "tshirt-2.jpg" (post #1504) [] []

[2025-03-21 10:57:16] merlin-logger.DEBUG: Post 1504 was imported with author "agrawalgoyanka1@gmail.com", but could not be found [] []

[2025-03-21 10:57:16] merlin-logger.DEBUG: Running post-processing for post 1505 [] []

[2025-03-21 10:57:16] merlin-logger.WARNING: Could not find the author for "belt-2.jpg" (post #1505) [] []

[2025-03-21 10:57:16] merlin-logger.DEBUG: Post 1505 was imported with author "agrawalgoyanka1@gmail.com", but could not be found [] []

[2025-03-21 10:57:16] merlin-logger.DEBUG: Running post-processing for post 1506 [] []

[2025-03-21 10:57:16] merlin-logger.WARNING: Could not find the author for "cap-2.jpg" (post #1506) [] []

[2025-03-21 10:57:16] merlin-logger.DEBUG: Post 1506 was imported with author "agrawalgoyanka1@gmail.com", but could not be found [] []

[2025-03-21 10:57:16] merlin-logger.DEBUG: Running post-processing for post 1507 [] []

[2025-03-21 10:57:16] merlin-logger.WARNING: Could not find the author for "sunglasses-2.jpg" (post #1507) [] []

[2025-03-21 10:57:16] merlin-logger.DEBUG: Post 1507 was imported with author "agrawalgoyanka1@gmail.com", but could not be found [] []

[2025-03-21 10:57:16] merlin-logger.DEBUG: Running post-processing for post 1508 [] []

[2025-03-21 10:57:16] merlin-logger.WARNING: Could not find the author for "hoodie-with-pocket-2.jpg" (post #1508) [] []

[2025-03-21 10:57:16] merlin-logger.DEBUG: Post 1508 was imported with author "agrawalgoyanka1@gmail.com", but could not be found [] []

[2025-03-21 10:57:16] merlin-logger.DEBUG: Running post-processing for post 1509 [] []

[2025-03-21 10:57:16] merlin-logger.WARNING: Could not find the author for "hoodie-with-zipper-2.jpg" (post #1509) [] []

[2025-03-21 10:57:16] merlin-logger.DEBUG: Post 1509 was imported with author "agrawalgoyanka1@gmail.com", but could not be found [] []

[2025-03-21 10:57:16] merlin-logger.DEBUG: Running post-processing for post 1510 [] []

[2025-03-21 10:57:16] merlin-logger.WARNING: Could not find the author for "long-sleeve-tee-2.jpg" (post #1510) [] []

[2025-03-21 10:57:16] merlin-logger.DEBUG: Post 1510 was imported with author "agrawalgoyanka1@gmail.com", but could not be found [] []

[2025-03-21 10:57:16] merlin-logger.DEBUG: Running post-processing for post 1511 [] []

[2025-03-21 10:57:16] merlin-logger.WARNING: Could not find the author for "polo-2.jpg" (post #1511) [] []

[2025-03-21 10:57:16] merlin-logger.DEBUG: Post 1511 was imported with author "agrawalgoyanka1@gmail.com", but could not be found [] []

[2025-03-21 10:57:16] merlin-logger.DEBUG: Running post-processing for post 1512 [] []

[2025-03-21 10:57:16] merlin-logger.WARNING: Could not find the author for "album-1.jpg" (post #1512) [] []

[2025-03-21 10:57:16] merlin-logger.DEBUG: Post 1512 was imported with author "agrawalgoyanka1@gmail.com", but could not be found [] []

[2025-03-21 10:57:16] merlin-logger.DEBUG: Running post-processing for post 1513 [] []

[2025-03-21 10:57:16] merlin-logger.WARNING: Could not find the author for "single-1.jpg" (post #1513) [] []

[2025-03-21 10:57:16] merlin-logger.DEBUG: Post 1513 was imported with author "agrawalgoyanka1@gmail.com", but could not be found [] []

[2025-03-21 10:57:16] merlin-logger.DEBUG: Running post-processing for post 1514 [] []

[2025-03-21 10:57:16] merlin-logger.WARNING: Could not find the author for "t-shirt-with-logo-1.jpg" (post #1514) [] []

[2025-03-21 10:57:16] merlin-logger.DEBUG: Post 1514 was imported with author "agrawalgoyanka1@gmail.com", but could not be found [] []

[2025-03-21 10:57:16] merlin-logger.DEBUG: Running post-processing for post 1515 [] []

[2025-03-21 10:57:16] merlin-logger.WARNING: Could not find the author for "beanie-with-logo-1.jpg" (post #1515) [] []

[2025-03-21 10:57:16] merlin-logger.DEBUG: Post 1515 was imported with author "agrawalgoyanka1@gmail.com", but could not be found [] []

[2025-03-21 10:57:16] merlin-logger.DEBUG: Running post-processing for post 11 [] []

[2025-03-21 10:57:16] merlin-logger.WARNING: Could not find the author for "woocommerce-placeholder" (post #11) [] []

[2025-03-21 10:57:16] merlin-logger.DEBUG: Post 11 was imported with author "agrawalgoyanka1@gmail.com", but could not be found [] []

[2025-03-21 10:57:16] merlin-logger.DEBUG: Post 11 was marked for post-processing, but none was required. [] []

[2025-03-21 10:57:16] merlin-logger.DEBUG: Running post-processing for post 34 [] []

[2025-03-21 10:57:16] merlin-logger.WARNING: Could not find the author for "footer-logo" (post #34) [] []

[2025-03-21 10:57:16] merlin-logger.DEBUG: Post 34 was imported with author "agrawalgoyanka1@gmail.com", but could not be found [] []

[2025-03-21 10:57:16] merlin-logger.DEBUG: Post 34 was marked for post-processing, but none was required. [] []

[2025-03-21 10:57:16] merlin-logger.DEBUG: Running post-processing for post 35 [] []

[2025-03-21 10:57:16] merlin-logger.WARNING: Could not find the author for "logo" (post #35) [] []

[2025-03-21 10:57:16] merlin-logger.DEBUG: Post 35 was imported with author "agrawalgoyanka1@gmail.com", but could not be found [] []

[2025-03-21 10:57:16] merlin-logger.DEBUG: Post 35 was marked for post-processing, but none was required. [] []

[2025-03-21 10:57:16] merlin-logger.DEBUG: Running post-processing for post 36 [] []

[2025-03-21 10:57:16] merlin-logger.WARNING: Could not find the author for "logo_2" (post #36) [] []

[2025-03-21 10:57:16] merlin-logger.DEBUG: Post 36 was imported with author "agrawalgoyanka1@gmail.com", but could not be found [] []

[2025-03-21 10:57:16] merlin-logger.DEBUG: Post 36 was marked for post-processing, but none was required. [] []

[2025-03-21 10:57:16] merlin-logger.DEBUG: Running post-processing for post 37 [] []

[2025-03-21 10:57:16] merlin-logger.WARNING: Could not find the author for "mobile-logo" (post #37) [] []

[2025-03-21 10:57:16] merlin-logger.DEBUG: Post 37 was imported with author "agrawalgoyanka1@gmail.com", but could not be found [] []

[2025-03-21 10:57:16] merlin-logger.DEBUG: Post 37 was marked for post-processing, but none was required. [] []

[2025-03-21 10:57:16] merlin-logger.DEBUG: Running post-processing for post 40 [] []

[2025-03-21 10:57:16] merlin-logger.WARNING: Could not find the author for "mouse-pointer" (post #40) [] []

[2025-03-21 10:57:16] merlin-logger.DEBUG: Post 40 was imported with author "agrawalgoyanka1@gmail.com", but could not be found [] []

[2025-03-21 10:57:16] merlin-logger.DEBUG: Running post-processing for post 41 [] []

[2025-03-21 10:57:16] merlin-logger.WARNING: Could not find the author for "shape_icon_1" (post #41) [] []

[2025-03-21 10:57:16] merlin-logger.DEBUG: Post 41 was imported with author "agrawalgoyanka1@gmail.com", but could not be found [] []

[2025-03-21 10:57:16] merlin-logger.DEBUG: Running post-processing for post 42 [] []

[2025-03-21 10:57:16] merlin-logger.WARNING: Could not find the author for "star_icon" (post #42) [] []

[2025-03-21 10:57:16] merlin-logger.DEBUG: Post 42 was imported with author "agrawalgoyanka1@gmail.com", but could not be found [] []

[2025-03-21 10:57:16] merlin-logger.DEBUG: Running post-processing for post 43 [] []

[2025-03-21 10:57:16] merlin-logger.WARNING: Could not find the author for "banner_image" (post #43) [] []

[2025-03-21 10:57:16] merlin-logger.DEBUG: Post 43 was imported with author "agrawalgoyanka1@gmail.com", but could not be found [] []

[2025-03-21 10:57:16] merlin-logger.DEBUG: Running post-processing for post 44 [] []

[2025-03-21 10:57:16] merlin-logger.WARNING: Could not find the author for "chart_1" (post #44) [] []

[2025-03-21 10:57:16] merlin-logger.DEBUG: Post 44 was imported with author "agrawalgoyanka1@gmail.com", but could not be found [] []

[2025-03-21 10:57:16] merlin-logger.DEBUG: Running post-processing for post 113 [] []

[2025-03-21 10:57:16] merlin-logger.WARNING: Could not find the author for "chart_2" (post #113) [] []

[2025-03-21 10:57:16] merlin-logger.DEBUG: Post 113 was imported with author "agrawalgoyanka1@gmail.com", but could not be found [] []

[2025-03-21 10:57:16] merlin-logger.DEBUG: Running post-processing for post 132 [] []

[2025-03-21 10:57:16] merlin-logger.WARNING: Could not find the author for "chart_3" (post #132) [] []

[2025-03-21 10:57:16] merlin-logger.DEBUG: Post 132 was imported with author "agrawalgoyanka1@gmail.com", but could not be found [] []

[2025-03-21 10:57:16] merlin-logger.DEBUG: Running post-processing for post 289 [] []

[2025-03-21 10:57:16] merlin-logger.WARNING: Could not find the author for "video_box_bg" (post #289) [] []

[2025-03-21 10:57:16] merlin-logger.DEBUG: Post 289 was imported with author "agrawalgoyanka1@gmail.com", but could not be found [] []

[2025-03-21 10:57:16] merlin-logger.DEBUG: Running post-processing for post 324 [] []

[2025-03-21 10:57:16] merlin-logger.WARNING: Could not find the post parent for "team-1" (post #324) [] []

[2025-03-21 10:57:16] merlin-logger.DEBUG: Post 324 was imported with parent 323, but could not be found [] []

[2025-03-21 10:57:16] merlin-logger.WARNING: Could not find the author for "team-1" (post #324) [] []

[2025-03-21 10:57:16] merlin-logger.DEBUG: Post 324 was imported with author "agrawalgoyanka1@gmail.com", but could not be found [] []

[2025-03-21 10:57:16] merlin-logger.DEBUG: Post 324 was marked for post-processing, but none was required. [] []

[2025-03-21 10:57:16] merlin-logger.DEBUG: Running post-processing for post 325 [] []

[2025-03-21 10:57:16] merlin-logger.WARNING: Could not find the post parent for "team-2" (post #325) [] []

[2025-03-21 10:57:16] merlin-logger.DEBUG: Post 325 was imported with parent 323, but could not be found [] []

[2025-03-21 10:57:16] merlin-logger.WARNING: Could not find the author for "team-2" (post #325) [] []

[2025-03-21 10:57:16] merlin-logger.DEBUG: Post 325 was imported with author "agrawalgoyanka1@gmail.com", but could not be found [] []

[2025-03-21 10:57:16] merlin-logger.DEBUG: Post 325 was marked for post-processing, but none was required. [] []

[2025-03-21 10:57:16] merlin-logger.DEBUG: Running post-processing for post 326 [] []

[2025-03-21 10:57:16] merlin-logger.WARNING: Could not find the post parent for "team-3" (post #326) [] []

[2025-03-21 10:57:16] merlin-logger.DEBUG: Post 326 was imported with parent 323, but could not be found [] []

[2025-03-21 10:57:16] merlin-logger.WARNING: Could not find the author for "team-3" (post #326) [] []

[2025-03-21 10:57:16] merlin-logger.DEBUG: Post 326 was imported with author "agrawalgoyanka1@gmail.com", but could not be found [] []

[2025-03-21 10:57:16] merlin-logger.DEBUG: Post 326 was marked for post-processing, but none was required. [] []

[2025-03-21 10:57:16] merlin-logger.DEBUG: Running post-processing for post 327 [] []

[2025-03-21 10:57:16] merlin-logger.WARNING: Could not find the post parent for "team-4" (post #327) [] []

[2025-03-21 10:57:16] merlin-logger.DEBUG: Post 327 was imported with parent 323, but could not be found [] []

[2025-03-21 10:57:16] merlin-logger.WARNING: Could not find the author for "team-4" (post #327) [] []

[2025-03-21 10:57:16] merlin-logger.DEBUG: Post 327 was imported with author "agrawalgoyanka1@gmail.com", but could not be found [] []

[2025-03-21 10:57:16] merlin-logger.DEBUG: Post 327 was marked for post-processing, but none was required. [] []

[2025-03-21 10:57:16] merlin-logger.DEBUG: Running post-processing for post 341 [] []

[2025-03-21 10:57:16] merlin-logger.WARNING: Could not find the author for "cta_image" (post #341) [] []

[2025-03-21 10:57:16] merlin-logger.DEBUG: Post 341 was imported with author "agrawalgoyanka1@gmail.com", but could not be found [] []

[2025-03-21 10:57:16] merlin-logger.DEBUG: Running post-processing for post 1516 [] []

[2025-03-21 10:57:16] merlin-logger.WARNING: Could not find the author for "logo-1.jpg" (post #1516) [] []

[2025-03-21 10:57:16] merlin-logger.DEBUG: Post 1516 was imported with author "agrawalgoyanka1@gmail.com", but could not be found [] []

[2025-03-21 10:57:16] merlin-logger.DEBUG: Running post-processing for post 1517 [] []

[2025-03-21 10:57:16] merlin-logger.WARNING: Could not find the author for "pennant-1.jpg" (post #1517) [] []

[2025-03-21 10:57:16] merlin-logger.DEBUG: Post 1517 was imported with author "agrawalgoyanka1@gmail.com", but could not be found [] []

[2025-03-21 10:57:16] merlin-logger.DEBUG: Running post-processing for post 348 [] []

[2025-03-21 10:57:16] merlin-logger.WARNING: Could not find the author for "shape_icon_3" (post #348) [] []

[2025-03-21 10:57:16] merlin-logger.DEBUG: Post 348 was imported with author "agrawalgoyanka1@gmail.com", but could not be found [] []

[2025-03-21 10:57:16] merlin-logger.DEBUG: Running post-processing for post 371 [] []

[2025-03-21 10:57:16] merlin-logger.WARNING: Could not find the post parent for "testimonial-1" (post #371) [] []

[2025-03-21 10:57:16] merlin-logger.DEBUG: Post 371 was imported with parent 370, but could not be found [] []

[2025-03-21 10:57:16] merlin-logger.WARNING: Could not find the author for "testimonial-1" (post #371) [] []

[2025-03-21 10:57:16] merlin-logger.DEBUG: Post 371 was imported with author "agrawalgoyanka1@gmail.com", but could not be found [] []

[2025-03-21 10:57:16] merlin-logger.DEBUG: Post 371 was marked for post-processing, but none was required. [] []

[2025-03-21 10:57:16] merlin-logger.DEBUG: Running post-processing for post 372 [] []

[2025-03-21 10:57:16] merlin-logger.WARNING: Could not find the post parent for "testimonial-2" (post #372) [] []

[2025-03-21 10:57:16] merlin-logger.DEBUG: Post 372 was imported with parent 370, but could not be found [] []

[2025-03-21 10:57:16] merlin-logger.WARNING: Could not find the author for "testimonial-2" (post #372) [] []

[2025-03-21 10:57:16] merlin-logger.DEBUG: Post 372 was imported with author "agrawalgoyanka1@gmail.com", but could not be found [] []

[2025-03-21 10:57:16] merlin-logger.DEBUG: Post 372 was marked for post-processing, but none was required. [] []

[2025-03-21 10:57:16] merlin-logger.DEBUG: Running post-processing for post 373 [] []

[2025-03-21 10:57:16] merlin-logger.WARNING: Could not find the post parent for "testimonial-3" (post #373) [] []

[2025-03-21 10:57:16] merlin-logger.DEBUG: Post 373 was imported with parent 370, but could not be found [] []

[2025-03-21 10:57:16] merlin-logger.WARNING: Could not find the author for "testimonial-3" (post #373) [] []

[2025-03-21 10:57:16] merlin-logger.DEBUG: Post 373 was imported with author "agrawalgoyanka1@gmail.com", but could not be found [] []

[2025-03-21 10:57:16] merlin-logger.DEBUG: Post 373 was marked for post-processing, but none was required. [] []

[2025-03-21 10:57:16] merlin-logger.DEBUG: Running post-processing for post 406 [] []

[2025-03-21 10:57:16] merlin-logger.WARNING: Could not find the author for "banner_image_1" (post #406) [] []

[2025-03-21 10:57:16] merlin-logger.DEBUG: Post 406 was imported with author "agrawalgoyanka1@gmail.com", but could not be found [] []

[2025-03-21 10:57:16] merlin-logger.DEBUG: Running post-processing for post 407 [] []

[2025-03-21 10:57:16] merlin-logger.WARNING: Could not find the author for "banner_image_three" (post #407) [] []

[2025-03-21 10:57:16] merlin-logger.DEBUG: Post 407 was imported with author "agrawalgoyanka1@gmail.com", but could not be found [] []

[2025-03-21 10:57:16] merlin-logger.DEBUG: Running post-processing for post 408 [] []

[2025-03-21 10:57:16] merlin-logger.WARNING: Could not find the author for "chart_4" (post #408) [] []

[2025-03-21 10:57:16] merlin-logger.DEBUG: Post 408 was imported with author "agrawalgoyanka1@gmail.com", but could not be found [] []

[2025-03-21 10:57:16] merlin-logger.DEBUG: Running post-processing for post 409 [] []

[2025-03-21 10:57:16] merlin-logger.WARNING: Could not find the author for "shape_icon_7" (post #409) [] []

[2025-03-21 10:57:16] merlin-logger.DEBUG: Post 409 was imported with author "agrawalgoyanka1@gmail.com", but could not be found [] []

[2025-03-21 10:57:16] merlin-logger.DEBUG: Running post-processing for post 413 [] []

[2025-03-21 10:57:16] merlin-logger.WARNING: Could not find the author for "shape_icon_4" (post #413) [] []

[2025-03-21 10:57:16] merlin-logger.DEBUG: Post 413 was imported with author "agrawalgoyanka1@gmail.com", but could not be found [] []

[2025-03-21 10:57:16] merlin-logger.DEBUG: Running post-processing for post 420 [] []

[2025-03-21 10:57:16] merlin-logger.WARNING: Could not find the author for "client-1" (post #420) [] []

[2025-03-21 10:57:16] merlin-logger.DEBUG: Post 420 was imported with author "agrawalgoyanka1@gmail.com", but could not be found [] []

[2025-03-21 10:57:16] merlin-logger.DEBUG: Running post-processing for post 421 [] []

[2025-03-21 10:57:16] merlin-logger.WARNING: Could not find the author for "client-2" (post #421) [] []

[2025-03-21 10:57:16] merlin-logger.DEBUG: Post 421 was imported with author "agrawalgoyanka1@gmail.com", but could not be found [] []

[2025-03-21 10:57:16] merlin-logger.DEBUG: Running post-processing for post 422 [] []

[2025-03-21 10:57:16] merlin-logger.WARNING: Could not find the author for "client-3" (post #422) [] []

[2025-03-21 10:57:16] merlin-logger.DEBUG: Post 422 was imported with author "agrawalgoyanka1@gmail.com", but could not be found [] []

[2025-03-21 10:57:16] merlin-logger.DEBUG: Running post-processing for post 423 [] []

[2025-03-21 10:57:16] merlin-logger.WARNING: Could not find the author for "client-4" (post #423) [] []

[2025-03-21 10:57:16] merlin-logger.DEBUG: Post 423 was imported with author "agrawalgoyanka1@gmail.com", but could not be found [] []

[2025-03-21 10:57:16] merlin-logger.DEBUG: Running post-processing for post 424 [] []

[2025-03-21 10:57:16] merlin-logger.WARNING: Could not find the author for "client-5" (post #424) [] []

[2025-03-21 10:57:16] merlin-logger.DEBUG: Post 424 was imported with author "agrawalgoyanka1@gmail.com", but could not be found [] []

[2025-03-21 10:57:16] merlin-logger.DEBUG: Running post-processing for post 489 [] []

[2025-03-21 10:57:16] merlin-logger.WARNING: Could not find the author for "feature_image_1" (post #489) [] []

[2025-03-21 10:57:16] merlin-logger.DEBUG: Post 489 was imported with author "agrawalgoyanka1@gmail.com", but could not be found [] []

[2025-03-21 10:57:16] merlin-logger.DEBUG: Running post-processing for post 490 [] []

[2025-03-21 10:57:16] merlin-logger.WARNING: Could not find the author for "chart_5" (post #490) [] []

[2025-03-21 10:57:16] merlin-logger.DEBUG: Post 490 was imported with author "agrawalgoyanka1@gmail.com", but could not be found [] []

[2025-03-21 10:57:16] merlin-logger.DEBUG: Running post-processing for post 512 [] []

[2025-03-21 10:57:16] merlin-logger.WARNING: Could not find the author for "star_icon" (post #512) [] []

[2025-03-21 10:57:16] merlin-logger.DEBUG: Post 512 was imported with author "agrawalgoyanka1@gmail.com", but could not be found [] []

[2025-03-21 10:57:16] merlin-logger.DEBUG: Running post-processing for post 534 [] []

[2025-03-21 10:57:16] merlin-logger.WARNING: Could not find the author for "credit_card" (post #534) [] []

[2025-03-21 10:57:16] merlin-logger.DEBUG: Post 534 was imported with author "agrawalgoyanka1@gmail.com", but could not be found [] []

[2025-03-21 10:57:16] merlin-logger.DEBUG: Running post-processing for post 535 [] []

[2025-03-21 10:57:16] merlin-logger.WARNING: Could not find the author for "master_card" (post #535) [] []

[2025-03-21 10:57:16] merlin-logger.DEBUG: Post 535 was imported with author "agrawalgoyanka1@gmail.com", but could not be found [] []

[2025-03-21 10:57:16] merlin-logger.DEBUG: Running post-processing for post 585 [] []

[2025-03-21 10:57:16] merlin-logger.WARNING: Could not find the author for "ring_shape" (post #585) [] []

[2025-03-21 10:57:16] merlin-logger.DEBUG: Post 585 was imported with author "agrawalgoyanka1@gmail.com", but could not be found [] []

[2025-03-21 10:57:16] merlin-logger.DEBUG: Running post-processing for post 586 [] []

[2025-03-21 10:57:16] merlin-logger.WARNING: Could not find the author for "apple_icon" (post #586) [] []

[2025-03-21 10:57:16] merlin-logger.DEBUG: Post 586 was imported with author "agrawalgoyanka1@gmail.com", but could not be found [] []

[2025-03-21 10:57:16] merlin-logger.DEBUG: Running post-processing for post 587 [] []

[2025-03-21 10:57:16] merlin-logger.WARNING: Could not find the author for "play_icon" (post #587) [] []

[2025-03-21 10:57:16] merlin-logger.DEBUG: Post 587 was imported with author "agrawalgoyanka1@gmail.com", but could not be found [] []

[2025-03-21 10:57:16] merlin-logger.DEBUG: Running post-processing for post 588 [] []

[2025-03-21 10:57:16] merlin-logger.WARNING: Could not find the author for "app_image" (post #588) [] []

[2025-03-21 10:57:16] merlin-logger.DEBUG: Post 588 was imported with author "agrawalgoyanka1@gmail.com", but could not be found [] []

[2025-03-21 10:57:16] merlin-logger.DEBUG: Running post-processing for post 602 [] []

[2025-03-21 10:57:16] merlin-logger.WARNING: Could not find the author for "shape_icon_6" (post #602) [] []

[2025-03-21 10:57:16] merlin-logger.DEBUG: Post 602 was imported with author "agrawalgoyanka1@gmail.com", but could not be found [] []

[2025-03-21 10:57:16] merlin-logger.DEBUG: Running post-processing for post 626 [] []

[2025-03-21 10:57:16] merlin-logger.WARNING: Could not find the author for "blog_1" (post #626) [] []

[2025-03-21 10:57:16] merlin-logger.DEBUG: Post 626 was imported with author "agrawalgoyanka1@gmail.com", but could not be found [] []

[2025-03-21 10:57:16] merlin-logger.DEBUG: Running post-processing for post 627 [] []

[2025-03-21 10:57:16] merlin-logger.WARNING: Could not find the author for "blog_2" (post #627) [] []

[2025-03-21 10:57:16] merlin-logger.DEBUG: Post 627 was imported with author "agrawalgoyanka1@gmail.com", but could not be found [] []

[2025-03-21 10:57:16] merlin-logger.DEBUG: Running post-processing for post 628 [] []

[2025-03-21 10:57:16] merlin-logger.WARNING: Could not find the author for "blog_3" (post #628) [] []

[2025-03-21 10:57:16] merlin-logger.DEBUG: Post 628 was imported with author "agrawalgoyanka1@gmail.com", but could not be found [] []

[2025-03-21 10:57:16] merlin-logger.DEBUG: Running post-processing for post 646 [] []

[2025-03-21 10:57:16] merlin-logger.WARNING: Could not find the author for "author_1" (post #646) [] []

[2025-03-21 10:57:16] merlin-logger.DEBUG: Post 646 was imported with author "agrawalgoyanka1@gmail.com", but could not be found [] []

[2025-03-21 10:57:16] merlin-logger.DEBUG: Running post-processing for post 647 [] []

[2025-03-21 10:57:16] merlin-logger.WARNING: Could not find the author for "author_2" (post #647) [] []

[2025-03-21 10:57:16] merlin-logger.DEBUG: Post 647 was imported with author "agrawalgoyanka1@gmail.com", but could not be found [] []

[2025-03-21 10:57:16] merlin-logger.DEBUG: Running post-processing for post 648 [] []

[2025-03-21 10:57:16] merlin-logger.WARNING: Could not find the author for "author_3" (post #648) [] []

[2025-03-21 10:57:16] merlin-logger.DEBUG: Post 648 was imported with author "agrawalgoyanka1@gmail.com", but could not be found [] []

[2025-03-21 10:57:16] merlin-logger.DEBUG: Running post-processing for post 649 [] []

[2025-03-21 10:57:16] merlin-logger.WARNING: Could not find the author for "currency_coins" (post #649) [] []

[2025-03-21 10:57:16] merlin-logger.DEBUG: Post 649 was imported with author "agrawalgoyanka1@gmail.com", but could not be found [] []

[2025-03-21 10:57:16] merlin-logger.DEBUG: Running post-processing for post 651 [] []

[2025-03-21 10:57:16] merlin-logger.WARNING: Could not find the author for "banner_image_2" (post #651) [] []

[2025-03-21 10:57:16] merlin-logger.DEBUG: Post 651 was imported with author "agrawalgoyanka1@gmail.com", but could not be found [] []

[2025-03-21 10:57:16] merlin-logger.DEBUG: Running post-processing for post 655 [] []

[2025-03-21 10:57:16] merlin-logger.WARNING: Could not find the author for "mail_send" (post #655) [] []

[2025-03-21 10:57:16] merlin-logger.DEBUG: Post 655 was imported with author "agrawalgoyanka1@gmail.com", but could not be found [] []

[2025-03-21 10:57:16] merlin-logger.DEBUG: Running post-processing for post 656 [] []

[2025-03-21 10:57:16] merlin-logger.WARNING: Could not find the author for "options" (post #656) [] []

[2025-03-21 10:57:16] merlin-logger.DEBUG: Post 656 was imported with author "agrawalgoyanka1@gmail.com", but could not be found [] []

[2025-03-21 10:57:16] merlin-logger.DEBUG: Running post-processing for post 657 [] []

[2025-03-21 10:57:16] merlin-logger.WARNING: Could not find the author for "request" (post #657) [] []

[2025-03-21 10:57:16] merlin-logger.DEBUG: Post 657 was imported with author "agrawalgoyanka1@gmail.com", but could not be found [] []

[2025-03-21 10:57:16] merlin-logger.DEBUG: Running post-processing for post 661 [] []

[2025-03-21 10:57:16] merlin-logger.WARNING: Could not find the author for "client-11" (post #661) [] []

[2025-03-21 10:57:16] merlin-logger.DEBUG: Post 661 was imported with author "agrawalgoyanka1@gmail.com", but could not be found [] []

[2025-03-21 10:57:16] merlin-logger.DEBUG: Running post-processing for post 662 [] []

[2025-03-21 10:57:16] merlin-logger.WARNING: Could not find the author for "client-22" (post #662) [] []

[2025-03-21 10:57:16] merlin-logger.DEBUG: Post 662 was imported with author "agrawalgoyanka1@gmail.com", but could not be found [] []

[2025-03-21 10:57:16] merlin-logger.DEBUG: Running post-processing for post 663 [] []

[2025-03-21 10:57:16] merlin-logger.WARNING: Could not find the author for "client-33" (post #663) [] []

[2025-03-21 10:57:16] merlin-logger.DEBUG: Post 663 was imported with author "agrawalgoyanka1@gmail.com", but could not be found [] []

[2025-03-21 10:57:16] merlin-logger.DEBUG: Running post-processing for post 664 [] []

[2025-03-21 10:57:16] merlin-logger.WARNING: Could not find the author for "client-44" (post #664) [] []

[2025-03-21 10:57:16] merlin-logger.DEBUG: Post 664 was imported with author "agrawalgoyanka1@gmail.com", but could not be found [] []

[2025-03-21 10:57:16] merlin-logger.DEBUG: Running post-processing for post 665 [] []

[2025-03-21 10:57:16] merlin-logger.WARNING: Could not find the author for "client-55" (post #665) [] []

[2025-03-21 10:57:16] merlin-logger.DEBUG: Post 665 was imported with author "agrawalgoyanka1@gmail.com", but could not be found [] []

[2025-03-21 10:57:16] merlin-logger.DEBUG: Running post-processing for post 684 [] []

[2025-03-21 10:57:16] merlin-logger.WARNING: Could not find the author for "about_image_1" (post #684) [] []

[2025-03-21 10:57:16] merlin-logger.DEBUG: Post 684 was imported with author "agrawalgoyanka1@gmail.com", but could not be found [] []

[2025-03-21 10:57:16] merlin-logger.DEBUG: Running post-processing for post 688 [] []

[2025-03-21 10:57:16] merlin-logger.WARNING: Could not find the author for "author_4" (post #688) [] []

[2025-03-21 10:57:16] merlin-logger.DEBUG: Post 688 was imported with author "agrawalgoyanka1@gmail.com", but could not be found [] []

[2025-03-21 10:57:16] merlin-logger.DEBUG: Running post-processing for post 689 [] []

[2025-03-21 10:57:16] merlin-logger.WARNING: Could not find the author for "shape_icon_8" (post #689) [] []

[2025-03-21 10:57:16] merlin-logger.DEBUG: Post 689 was imported with author "agrawalgoyanka1@gmail.com", but could not be found [] []

[2025-03-21 10:57:16] merlin-logger.DEBUG: Running post-processing for post 735 [] []

[2025-03-21 10:57:16] merlin-logger.WARNING: Could not find the author for "video_box_bg_2" (post #735) [] []

[2025-03-21 10:57:16] merlin-logger.DEBUG: Post 735 was imported with author "agrawalgoyanka1@gmail.com", but could not be found [] []

[2025-03-21 10:57:16] merlin-logger.DEBUG: Running post-processing for post 742 [] []

[2025-03-21 10:57:16] merlin-logger.WARNING: Could not find the author for "shape_icon_9" (post #742) [] []

[2025-03-21 10:57:16] merlin-logger.DEBUG: Post 742 was imported with author "agrawalgoyanka1@gmail.com", but could not be found [] []

[2025-03-21 10:57:16] merlin-logger.DEBUG: Running post-processing for post 743 [] []

[2025-03-21 10:57:16] merlin-logger.WARNING: Could not find the author for "services_image_1" (post #743) [] []

[2025-03-21 10:57:16] merlin-logger.DEBUG: Post 743 was imported with author "agrawalgoyanka1@gmail.com", but could not be found [] []

[2025-03-21 10:57:16] merlin-logger.DEBUG: Running post-processing for post 768 [] []

[2025-03-21 10:57:16] merlin-logger.WARNING: Could not find the author for "testimonial-4" (post #768) [] []

[2025-03-21 10:57:16] merlin-logger.DEBUG: Post 768 was imported with author "agrawalgoyanka1@gmail.com", but could not be found [] []

[2025-03-21 10:57:16] merlin-logger.DEBUG: Running post-processing for post 769 [] []

[2025-03-21 10:57:16] merlin-logger.WARNING: Could not find the author for "shape_icon_12" (post #769) [] []

[2025-03-21 10:57:16] merlin-logger.DEBUG: Post 769 was imported with author "agrawalgoyanka1@gmail.com", but could not be found [] []

[2025-03-21 10:57:16] merlin-logger.DEBUG: Running post-processing for post 791 [] []

[2025-03-21 10:57:16] merlin-logger.WARNING: Could not find the author for "shape_icon_13" (post #791) [] []

[2025-03-21 10:57:16] merlin-logger.DEBUG: Post 791 was imported with author "agrawalgoyanka1@gmail.com", but could not be found [] []

[2025-03-21 10:57:16] merlin-logger.DEBUG: Running post-processing for post 829 [] []

[2025-03-21 10:57:16] merlin-logger.WARNING: Could not find the author for "about_image_4" (post #829) [] []

[2025-03-21 10:57:16] merlin-logger.DEBUG: Post 829 was imported with author "agrawalgoyanka1@gmail.com", but could not be found [] []

[2025-03-21 10:57:16] merlin-logger.DEBUG: Running post-processing for post 830 [] []

[2025-03-21 10:57:16] merlin-logger.WARNING: Could not find the author for "meter_icon" (post #830) [] []

[2025-03-21 10:57:16] merlin-logger.DEBUG: Post 830 was imported with author "agrawalgoyanka1@gmail.com", but could not be found [] []

[2025-03-21 10:57:16] merlin-logger.DEBUG: Running post-processing for post 874 [] []

[2025-03-21 10:57:16] merlin-logger.WARNING: Could not find the author for "feature_image_2" (post #874) [] []

[2025-03-21 10:57:16] merlin-logger.DEBUG: Post 874 was imported with author "agrawalgoyanka1@gmail.com", but could not be found [] []

[2025-03-21 10:57:16] merlin-logger.DEBUG: Running post-processing for post 894 [] []

[2025-03-21 10:57:16] merlin-logger.WARNING: Could not find the author for "chart_6" (post #894) [] []

[2025-03-21 10:57:16] merlin-logger.DEBUG: Post 894 was imported with author "agrawalgoyanka1@gmail.com", but could not be found [] []

[2025-03-21 10:57:16] merlin-logger.DEBUG: Running post-processing for post 927 [] []

[2025-03-21 10:57:16] merlin-logger.WARNING: Could not find the author for "banner_image_5" (post #927) [] []

[2025-03-21 10:57:16] merlin-logger.DEBUG: Post 927 was imported with author "agrawalgoyanka1@gmail.com", but could not be found [] []

[2025-03-21 10:57:16] merlin-logger.DEBUG: Running post-processing for post 974 [] []

[2025-03-21 10:57:16] merlin-logger.WARNING: Could not find the author for "video_box_bg_3" (post #974) [] []

[2025-03-21 10:57:16] merlin-logger.DEBUG: Post 974 was imported with author "agrawalgoyanka1@gmail.com", but could not be found [] []

[2025-03-21 10:57:16] merlin-logger.DEBUG: Running post-processing for post 1010 [] []

[2025-03-21 10:57:16] merlin-logger.WARNING: Could not find the author for "about_banner_image" (post #1010) [] []

[2025-03-21 10:57:16] merlin-logger.DEBUG: Post 1010 was imported with author "agrawalgoyanka1@gmail.com", but could not be found [] []

[2025-03-21 10:57:16] merlin-logger.DEBUG: Running post-processing for post 1144 [] []

[2025-03-21 10:57:16] merlin-logger.WARNING: Could not find the author for "error_image" (post #1144) [] []

[2025-03-21 10:57:16] merlin-logger.DEBUG: Post 1144 was imported with author "agrawalgoyanka1@gmail.com", but could not be found [] []

[2025-03-21 10:57:16] merlin-logger.DEBUG: Post 1144 was marked for post-processing, but none was required. [] []

[2025-03-21 10:57:16] merlin-logger.DEBUG: Running post-processing for post 1189 [] []

[2025-03-21 10:57:16] merlin-logger.WARNING: Could not find the post parent for "team-5" (post #1189) [] []

[2025-03-21 10:57:16] merlin-logger.DEBUG: Post 1189 was imported with parent 1188, but could not be found [] []

[2025-03-21 10:57:16] merlin-logger.WARNING: Could not find the author for "team-5" (post #1189) [] []

[2025-03-21 10:57:16] merlin-logger.DEBUG: Post 1189 was imported with author "agrawalgoyanka1@gmail.com", but could not be found [] []

[2025-03-21 10:57:16] merlin-logger.DEBUG: Post 1189 was marked for post-processing, but none was required. [] []

[2025-03-21 10:57:16] merlin-logger.DEBUG: Running post-processing for post 1190 [] []

[2025-03-21 10:57:16] merlin-logger.WARNING: Could not find the post parent for "team-6" (post #1190) [] []

[2025-03-21 10:57:16] merlin-logger.DEBUG: Post 1190 was imported with parent 1188, but could not be found [] []

[2025-03-21 10:57:16] merlin-logger.WARNING: Could not find the author for "team-6" (post #1190) [] []

[2025-03-21 10:57:16] merlin-logger.DEBUG: Post 1190 was imported with author "agrawalgoyanka1@gmail.com", but could not be found [] []

[2025-03-21 10:57:16] merlin-logger.DEBUG: Post 1190 was marked for post-processing, but none was required. [] []

[2025-03-21 10:57:16] merlin-logger.DEBUG: Running post-processing for post 1191 [] []

[2025-03-21 10:57:16] merlin-logger.WARNING: Could not find the post parent for "team-7" (post #1191) [] []

[2025-03-21 10:57:16] merlin-logger.DEBUG: Post 1191 was imported with parent 1188, but could not be found [] []

[2025-03-21 10:57:16] merlin-logger.WARNING: Could not find the author for "team-7" (post #1191) [] []

[2025-03-21 10:57:16] merlin-logger.DEBUG: Post 1191 was imported with author "agrawalgoyanka1@gmail.com", but could not be found [] []

[2025-03-21 10:57:16] merlin-logger.DEBUG: Post 1191 was marked for post-processing, but none was required. [] []

[2025-03-21 10:57:16] merlin-logger.DEBUG: Running post-processing for post 1192 [] []

[2025-03-21 10:57:16] merlin-logger.WARNING: Could not find the post parent for "team-8" (post #1192) [] []

[2025-03-21 10:57:16] merlin-logger.DEBUG: Post 1192 was imported with parent 1188, but could not be found [] []

[2025-03-21 10:57:16] merlin-logger.WARNING: Could not find the author for "team-8" (post #1192) [] []

[2025-03-21 10:57:16] merlin-logger.DEBUG: Post 1192 was imported with author "agrawalgoyanka1@gmail.com", but could not be found [] []

[2025-03-21 10:57:16] merlin-logger.DEBUG: Post 1192 was marked for post-processing, but none was required. [] []

[2025-03-21 10:57:16] merlin-logger.DEBUG: Running post-processing for post 1219 [] []

[2025-03-21 10:57:16] merlin-logger.WARNING: Could not find the author for "services_details_image" (post #1219) [] []

[2025-03-21 10:57:16] merlin-logger.DEBUG: Post 1219 was imported with author "agrawalgoyanka1@gmail.com", but could not be found [] []

[2025-03-21 10:57:16] merlin-logger.DEBUG: Running post-processing for post 1278 [] []

[2025-03-21 10:57:16] merlin-logger.WARNING: Could not find the post parent for "project_1" (post #1278) [] []

[2025-03-21 10:57:16] merlin-logger.DEBUG: Post 1278 was imported with parent 1277, but could not be found [] []

[2025-03-21 10:57:16] merlin-logger.WARNING: Could not find the author for "project_1" (post #1278) [] []

[2025-03-21 10:57:16] merlin-logger.DEBUG: Post 1278 was imported with author "agrawalgoyanka1@gmail.com", but could not be found [] []

[2025-03-21 10:57:16] merlin-logger.DEBUG: Post 1278 was marked for post-processing, but none was required. [] []

[2025-03-21 10:57:16] merlin-logger.DEBUG: Running post-processing for post 1279 [] []

[2025-03-21 10:57:16] merlin-logger.WARNING: Could not find the post parent for "project_2" (post #1279) [] []

[2025-03-21 10:57:16] merlin-logger.DEBUG: Post 1279 was imported with parent 1277, but could not be found [] []

[2025-03-21 10:57:16] merlin-logger.WARNING: Could not find the author for "project_2" (post #1279) [] []

[2025-03-21 10:57:16] merlin-logger.DEBUG: Post 1279 was imported with author "agrawalgoyanka1@gmail.com", but could not be found [] []

[2025-03-21 10:57:16] merlin-logger.DEBUG: Post 1279 was marked for post-processing, but none was required. [] []

[2025-03-21 10:57:16] merlin-logger.DEBUG: Running post-processing for post 1280 [] []

[2025-03-21 10:57:16] merlin-logger.WARNING: Could not find the post parent for "project_3" (post #1280) [] []

[2025-03-21 10:57:16] merlin-logger.DEBUG: Post 1280 was imported with parent 1277, but could not be found [] []

[2025-03-21 10:57:16] merlin-logger.WARNING: Could not find the author for "project_3" (post #1280) [] []

[2025-03-21 10:57:16] merlin-logger.DEBUG: Post 1280 was imported with author "agrawalgoyanka1@gmail.com", but could not be found [] []

[2025-03-21 10:57:16] merlin-logger.DEBUG: Post 1280 was marked for post-processing, but none was required. [] []

[2025-03-21 10:57:16] merlin-logger.DEBUG: Running post-processing for post 1281 [] []

[2025-03-21 10:57:16] merlin-logger.WARNING: Could not find the post parent for "project_4" (post #1281) [] []

[2025-03-21 10:57:16] merlin-logger.DEBUG: Post 1281 was imported with parent 1277, but could not be found [] []

[2025-03-21 10:57:16] merlin-logger.WARNING: Could not find the author for "project_4" (post #1281) [] []

[2025-03-21 10:57:16] merlin-logger.DEBUG: Post 1281 was imported with author "agrawalgoyanka1@gmail.com", but could not be found [] []

[2025-03-21 10:57:16] merlin-logger.DEBUG: Post 1281 was marked for post-processing, but none was required. [] []

[2025-03-21 10:57:16] merlin-logger.DEBUG: Running post-processing for post 1282 [] []

[2025-03-21 10:57:16] merlin-logger.WARNING: Could not find the post parent for "project_5" (post #1282) [] []

[2025-03-21 10:57:16] merlin-logger.DEBUG: Post 1282 was imported with parent 1277, but could not be found [] []

[2025-03-21 10:57:16] merlin-logger.WARNING: Could not find the author for "project_5" (post #1282) [] []

[2025-03-21 10:57:16] merlin-logger.DEBUG: Post 1282 was imported with author "agrawalgoyanka1@gmail.com", but could not be found [] []

[2025-03-21 10:57:16] merlin-logger.DEBUG: Post 1282 was marked for post-processing, but none was required. [] []

[2025-03-21 10:57:16] merlin-logger.DEBUG: Running post-processing for post 1283 [] []

[2025-03-21 10:57:16] merlin-logger.WARNING: Could not find the post parent for "project_6" (post #1283) [] []

[2025-03-21 10:57:16] merlin-logger.DEBUG: Post 1283 was imported with parent 1277, but could not be found [] []

[2025-03-21 10:57:16] merlin-logger.WARNING: Could not find the author for "project_6" (post #1283) [] []

[2025-03-21 10:57:16] merlin-logger.DEBUG: Post 1283 was imported with author "agrawalgoyanka1@gmail.com", but could not be found [] []

[2025-03-21 10:57:16] merlin-logger.DEBUG: Post 1283 was marked for post-processing, but none was required. [] []

[2025-03-21 10:57:16] merlin-logger.DEBUG: Running post-processing for post 1328 [] []

[2025-03-21 10:57:16] merlin-logger.WARNING: Could not find the post parent for "banner_image_6" (post #1328) [] []

[2025-03-21 10:57:16] merlin-logger.DEBUG: Post 1328 was imported with parent 1305, but could not be found [] []

[2025-03-21 10:57:16] merlin-logger.WARNING: Could not find the author for "banner_image_6" (post #1328) [] []

[2025-03-21 10:57:16] merlin-logger.DEBUG: Post 1328 was imported with author "agrawalgoyanka1@gmail.com", but could not be found [] []

[2025-03-21 10:57:16] merlin-logger.DEBUG: Post 1328 was marked for post-processing, but none was required. [] []

[2025-03-21 10:57:16] merlin-logger.DEBUG: Running post-processing for post 1329 [] []

[2025-03-21 10:57:16] merlin-logger.WARNING: Could not find the post parent for "project_details_image_1" (post #1329) [] []

[2025-03-21 10:57:16] merlin-logger.DEBUG: Post 1329 was imported with parent 1305, but could not be found [] []

[2025-03-21 10:57:16] merlin-logger.WARNING: Could not find the author for "project_details_image_1" (post #1329) [] []

[2025-03-21 10:57:16] merlin-logger.DEBUG: Post 1329 was imported with author "agrawalgoyanka1@gmail.com", but could not be found [] []

[2025-03-21 10:57:16] merlin-logger.DEBUG: Post 1329 was marked for post-processing, but none was required. [] []

[2025-03-21 10:57:16] merlin-logger.DEBUG: Running post-processing for post 1330 [] []

[2025-03-21 10:57:16] merlin-logger.WARNING: Could not find the post parent for "project_details_image_2" (post #1330) [] []

[2025-03-21 10:57:16] merlin-logger.DEBUG: Post 1330 was imported with parent 1305, but could not be found [] []

[2025-03-21 10:57:16] merlin-logger.WARNING: Could not find the author for "project_details_image_2" (post #1330) [] []

[2025-03-21 10:57:16] merlin-logger.DEBUG: Post 1330 was imported with author "agrawalgoyanka1@gmail.com", but could not be found [] []

[2025-03-21 10:57:16] merlin-logger.DEBUG: Post 1330 was marked for post-processing, but none was required. [] []

[2025-03-21 10:57:16] merlin-logger.DEBUG: Running post-processing for post 1347 [] []

[2025-03-21 10:57:16] merlin-logger.WARNING: Could not find the author for "blog_13" (post #1347) [] []

[2025-03-21 10:57:16] merlin-logger.DEBUG: Post 1347 was imported with author "agrawalgoyanka1@gmail.com", but could not be found [] []

[2025-03-21 10:57:16] merlin-logger.DEBUG: Running post-processing for post 1348 [] []

[2025-03-21 10:57:16] merlin-logger.WARNING: Could not find the author for "blog_14" (post #1348) [] []

[2025-03-21 10:57:16] merlin-logger.DEBUG: Post 1348 was imported with author "agrawalgoyanka1@gmail.com", but could not be found [] []

[2025-03-21 10:57:16] merlin-logger.DEBUG: Running post-processing for post 1349 [] []

[2025-03-21 10:57:16] merlin-logger.WARNING: Could not find the author for "blog_15" (post #1349) [] []

[2025-03-21 10:57:16] merlin-logger.DEBUG: Post 1349 was imported with author "agrawalgoyanka1@gmail.com", but could not be found [] []

[2025-03-21 10:57:16] merlin-logger.DEBUG: Running post-processing for post 1350 [] []

[2025-03-21 10:57:16] merlin-logger.WARNING: Could not find the author for "blog_16" (post #1350) [] []

[2025-03-21 10:57:16] merlin-logger.DEBUG: Post 1350 was imported with author "agrawalgoyanka1@gmail.com", but could not be found [] []

[2025-03-21 10:57:16] merlin-logger.DEBUG: Running post-processing for post 1453 [] []

[2025-03-21 10:57:16] merlin-logger.WARNING: Could not find the author for "avatar-image" (post #1453) [] []

[2025-03-21 10:57:16] merlin-logger.DEBUG: Post 1453 was imported with author "agrawalgoyanka1@gmail.com", but could not be found [] []

[2025-03-21 10:57:16] merlin-logger.DEBUG: Running post-processing for post 1455 [] []

[2025-03-21 10:57:16] merlin-logger.WARNING: Could not find the author for "blog_20" (post #1455) [] []

[2025-03-21 10:57:16] merlin-logger.DEBUG: Post 1455 was imported with author "agrawalgoyanka1@gmail.com", but could not be found [] []

[2025-03-21 10:57:16] merlin-logger.DEBUG: Running post-processing for post 1534 [] []

[2025-03-21 10:57:16] merlin-logger.WARNING: Could not find the author for "shop_1" (post #1534) [] []

[2025-03-21 10:57:16] merlin-logger.DEBUG: Post 1534 was imported with author "agrawalgoyanka1@gmail.com", but could not be found [] []

[2025-03-21 10:57:16] merlin-logger.DEBUG: Running post-processing for post 1535 [] []

[2025-03-21 10:57:16] merlin-logger.WARNING: Could not find the author for "shop_2" (post #1535) [] []

[2025-03-21 10:57:16] merlin-logger.DEBUG: Post 1535 was imported with author "agrawalgoyanka1@gmail.com", but could not be found [] []

[2025-03-21 10:57:16] merlin-logger.DEBUG: Running post-processing for post 1536 [] []

[2025-03-21 10:57:16] merlin-logger.WARNING: Could not find the author for "shop_3" (post #1536) [] []

[2025-03-21 10:57:16] merlin-logger.DEBUG: Post 1536 was imported with author "agrawalgoyanka1@gmail.com", but could not be found [] []

[2025-03-21 10:57:16] merlin-logger.DEBUG: Running post-processing for post 1537 [] []

[2025-03-21 10:57:16] merlin-logger.WARNING: Could not find the author for "shop_4" (post #1537) [] []

[2025-03-21 10:57:16] merlin-logger.DEBUG: Post 1537 was imported with author "agrawalgoyanka1@gmail.com", but could not be found [] []

[2025-03-21 10:57:16] merlin-logger.DEBUG: Running post-processing for post 1538 [] []

[2025-03-21 10:57:16] merlin-logger.WARNING: Could not find the author for "shop_5" (post #1538) [] []

[2025-03-21 10:57:16] merlin-logger.DEBUG: Post 1538 was imported with author "agrawalgoyanka1@gmail.com", but could not be found [] []

[2025-03-21 10:57:16] merlin-logger.DEBUG: Running post-processing for post 1539 [] []

[2025-03-21 10:57:16] merlin-logger.WARNING: Could not find the author for "shop_6" (post #1539) [] []

[2025-03-21 10:57:16] merlin-logger.DEBUG: Post 1539 was imported with author "agrawalgoyanka1@gmail.com", but could not be found [] []

[2025-03-21 10:57:16] merlin-logger.DEBUG: Running post-processing for post 1540 [] []

[2025-03-21 10:57:16] merlin-logger.WARNING: Could not find the author for "shop_7" (post #1540) [] []

[2025-03-21 10:57:16] merlin-logger.DEBUG: Post 1540 was imported with author "agrawalgoyanka1@gmail.com", but could not be found [] []

[2025-03-21 10:57:16] merlin-logger.DEBUG: Running post-processing for post 1541 [] []

[2025-03-21 10:57:16] merlin-logger.WARNING: Could not find the author for "shop_8" (post #1541) [] []

[2025-03-21 10:57:16] merlin-logger.DEBUG: Post 1541 was imported with author "agrawalgoyanka1@gmail.com", but could not be found [] []

[2025-03-21 10:57:16] merlin-logger.DEBUG: Running post-processing for post 1542 [] []

[2025-03-21 10:57:16] merlin-logger.WARNING: Could not find the author for "shop_9" (post #1542) [] []

[2025-03-21 10:57:16] merlin-logger.DEBUG: Post 1542 was imported with author "agrawalgoyanka1@gmail.com", but could not be found [] []

[2025-03-21 10:57:16] merlin-logger.DEBUG: Running post-processing for post 1543 [] []

[2025-03-21 10:57:16] merlin-logger.WARNING: Could not find the author for "shop_10" (post #1543) [] []

[2025-03-21 10:57:16] merlin-logger.DEBUG: Post 1543 was imported with author "agrawalgoyanka1@gmail.com", but could not be found [] []

[2025-03-21 10:57:16] merlin-logger.DEBUG: Running post-processing for post 1544 [] []

[2025-03-21 10:57:16] merlin-logger.WARNING: Could not find the author for "shop_11" (post #1544) [] []

[2025-03-21 10:57:16] merlin-logger.DEBUG: Post 1544 was imported with author "agrawalgoyanka1@gmail.com", but could not be found [] []

[2025-03-21 10:57:16] merlin-logger.DEBUG: Running post-processing for post 1545 [] []

[2025-03-21 10:57:16] merlin-logger.WARNING: Could not find the author for "shop_12" (post #1545) [] []

[2025-03-21 10:57:16] merlin-logger.DEBUG: Post 1545 was imported with author "agrawalgoyanka1@gmail.com", but could not be found [] []

[2025-03-21 10:57:16] merlin-logger.DEBUG: Running post-processing for post 1546 [] []

[2025-03-21 10:57:16] merlin-logger.WARNING: Could not find the author for "shop_13" (post #1546) [] []

[2025-03-21 10:57:16] merlin-logger.DEBUG: Post 1546 was imported with author "agrawalgoyanka1@gmail.com", but could not be found [] []

[2025-03-21 10:57:16] merlin-logger.DEBUG: Running post-processing for post 1547 [] []

[2025-03-21 10:57:16] merlin-logger.WARNING: Could not find the author for "shop_14" (post #1547) [] []

[2025-03-21 10:57:16] merlin-logger.DEBUG: Post 1547 was imported with author "agrawalgoyanka1@gmail.com", but could not be found [] []

[2025-03-21 10:57:16] merlin-logger.DEBUG: Running post-processing for post 1548 [] []

[2025-03-21 10:57:16] merlin-logger.WARNING: Could not find the author for "shop_15" (post #1548) [] []

[2025-03-21 10:57:16] merlin-logger.DEBUG: Post 1548 was imported with author "agrawalgoyanka1@gmail.com", but could not be found [] []

[2025-03-21 10:57:16] merlin-logger.DEBUG: Running post-processing for post 1549 [] []

[2025-03-21 10:57:16] merlin-logger.WARNING: Could not find the author for "shop_16" (post #1549) [] []

[2025-03-21 10:57:16] merlin-logger.DEBUG: Post 1549 was imported with author "agrawalgoyanka1@gmail.com", but could not be found [] []

[2025-03-21 10:57:16] merlin-logger.DEBUG: Running post-processing for post 1867 [] []

[2025-03-21 10:57:16] merlin-logger.WARNING: Could not find the author for "image-1" (post #1867) [] []

[2025-03-21 10:57:16] merlin-logger.DEBUG: Post 1867 was imported with author "agrawalgoyanka1@gmail.com", but could not be found [] []

[2025-03-21 10:57:16] merlin-logger.DEBUG: Running post-processing for post 1868 [] []

[2025-03-21 10:57:16] merlin-logger.WARNING: Could not find the author for "image-2" (post #1868) [] []

[2025-03-21 10:57:16] merlin-logger.DEBUG: Post 1868 was imported with author "agrawalgoyanka1@gmail.com", but could not be found [] []

[2025-03-21 10:57:16] merlin-logger.DEBUG: Running post-processing for post 1869 [] []

[2025-03-21 10:57:16] merlin-logger.WARNING: Could not find the author for "image-3" (post #1869) [] []

[2025-03-21 10:57:16] merlin-logger.DEBUG: Post 1869 was imported with author "agrawalgoyanka1@gmail.com", but could not be found [] []

[2025-03-21 10:57:16] merlin-logger.DEBUG: Running post-processing for post 1870 [] []

[2025-03-21 10:57:16] merlin-logger.WARNING: Could not find the author for "image-4" (post #1870) [] []

[2025-03-21 10:57:16] merlin-logger.DEBUG: Post 1870 was imported with author "agrawalgoyanka1@gmail.com", but could not be found [] []

[2025-03-21 10:57:16] merlin-logger.DEBUG: Running post-processing for post 1871 [] []

[2025-03-21 10:57:16] merlin-logger.WARNING: Could not find the author for "image-5" (post #1871) [] []

[2025-03-21 10:57:16] merlin-logger.DEBUG: Post 1871 was imported with author "agrawalgoyanka1@gmail.com", but could not be found [] []

[2025-03-21 10:57:16] merlin-logger.DEBUG: Running post-processing for post 1872 [] []

[2025-03-21 10:57:16] merlin-logger.WARNING: Could not find the author for "image-6" (post #1872) [] []

[2025-03-21 10:57:16] merlin-logger.DEBUG: Post 1872 was imported with author "agrawalgoyanka1@gmail.com", but could not be found [] []

[2025-03-21 10:57:16] merlin-logger.DEBUG: Running post-processing for post 1883 [] []

[2025-03-21 10:57:16] merlin-logger.WARNING: Could not find the author for "portfolio-image11-copyright-840&#215;473" (post #1883) [] []

[2025-03-21 10:57:16] merlin-logger.DEBUG: Post 1883 was imported with author "agrawalgoyanka1@gmail.com", but could not be found [] []

[2025-03-21 10:57:16] merlin-logger.DEBUG: Running post-processing for post 1884 [] []

[2025-03-21 10:57:16] merlin-logger.WARNING: Could not find the author for "Default Kit" (post #1884) [] []

[2025-03-21 10:57:16] merlin-logger.DEBUG: Post 1884 was imported with author "agrawalgoyanka1@gmail.com", but could not be found [] []

[2025-03-21 10:57:16] merlin-logger.DEBUG: Post 1884 was marked for post-processing, but none was required. [] []

[2025-03-21 10:57:16] merlin-logger.DEBUG: Running post-processing for post 1885 [] []

[2025-03-21 10:57:16] merlin-logger.WARNING: Could not find the author for "Home" (post #1885) [] []

[2025-03-21 10:57:16] merlin-logger.DEBUG: Post 1885 was imported with author "agrawalgoyanka1@gmail.com", but could not be found [] []

[2025-03-21 10:57:16] merlin-logger.DEBUG: Post 1885 was marked for post-processing, but none was required. [] []

[2025-03-21 10:57:16] merlin-logger.DEBUG: Running post-processing for post 1886 [] []

[2025-03-21 10:57:16] merlin-logger.WARNING: Could not find the author for "Product Cart" (post #1886) [] []

[2025-03-21 10:57:16] merlin-logger.DEBUG: Post 1886 was imported with author "agrawalgoyanka1@gmail.com", but could not be found [] []

[2025-03-21 10:57:16] merlin-logger.DEBUG: Post 1886 was marked for post-processing, but none was required. [] []

[2025-03-21 10:57:16] merlin-logger.DEBUG: Running post-processing for post 1887 [] []

[2025-03-21 10:57:16] merlin-logger.WARNING: Could not find the author for "Product Checkout" (post #1887) [] []

[2025-03-21 10:57:16] merlin-logger.DEBUG: Post 1887 was imported with author "agrawalgoyanka1@gmail.com", but could not be found [] []

[2025-03-21 10:57:16] merlin-logger.DEBUG: Post 1887 was marked for post-processing, but none was required. [] []

[2025-03-21 10:57:16] merlin-logger.DEBUG: Running post-processing for post 1888 [] []

[2025-03-21 10:57:16] merlin-logger.WARNING: Could not find the author for "" (post #1888) [] []

[2025-03-21 10:57:16] merlin-logger.DEBUG: Post 1888 was imported with author "agrawalgoyanka1@gmail.com", but could not be found [] []

[2025-03-21 10:57:16] merlin-logger.DEBUG: Post 1888 was marked for post-processing, but none was required. [] []

[2025-03-21 10:57:16] merlin-logger.DEBUG: Running post-processing for post 1889 [] []

[2025-03-21 10:57:16] merlin-logger.WARNING: Could not find the author for "" (post #1889) [] []

[2025-03-21 10:57:16] merlin-logger.DEBUG: Post 1889 was imported with author "agrawalgoyanka1@gmail.com", but could not be found [] []

[2025-03-21 10:57:16] merlin-logger.DEBUG: Post 1889 was marked for post-processing, but none was required. [] []

[2025-03-21 10:57:16] merlin-logger.DEBUG: Running post-processing for post 1890 [] []

[2025-03-21 10:57:16] merlin-logger.WARNING: Could not find the author for "" (post #1890) [] []

[2025-03-21 10:57:16] merlin-logger.DEBUG: Post 1890 was imported with author "agrawalgoyanka1@gmail.com", but could not be found [] []

[2025-03-21 10:57:16] merlin-logger.DEBUG: Post 1890 was marked for post-processing, but none was required. [] []

[2025-03-21 10:57:16] merlin-logger.DEBUG: Running post-processing for post 38 [] []

[2025-03-21 10:57:16] merlin-logger.WARNING: Could not find the author for "" (post #38) [] []

[2025-03-21 10:57:16] merlin-logger.DEBUG: Post 38 was imported with author "agrawalgoyanka1@gmail.com", but could not be found [] []

[2025-03-21 10:57:16] merlin-logger.DEBUG: Post 38 was marked for post-processing, but none was required. [] []

[2025-03-21 10:57:16] merlin-logger.DEBUG: Running post-processing for post 1469 [] []

[2025-03-21 10:57:16] merlin-logger.WARNING: Could not find the author for "" (post #1469) [] []

[2025-03-21 10:57:16] merlin-logger.DEBUG: Post 1469 was imported with author "agrawalgoyanka1@gmail.com", but could not be found [] []

[2025-03-21 10:57:16] merlin-logger.DEBUG: Post 1469 was marked for post-processing, but none was required. [] []

[2025-03-21 10:57:16] merlin-logger.DEBUG: Running post-processing for post 1470 [] []

[2025-03-21 10:57:16] merlin-logger.WARNING: Could not find the author for "" (post #1470) [] []

[2025-03-21 10:57:16] merlin-logger.DEBUG: Post 1470 was imported with author "agrawalgoyanka1@gmail.com", but could not be found [] []

[2025-03-21 10:57:16] merlin-logger.DEBUG: Post 1470 was marked for post-processing, but none was required. [] []

[2025-03-21 10:57:16] merlin-logger.DEBUG: Running post-processing for post 1471 [] []

[2025-03-21 10:57:16] merlin-logger.WARNING: Could not find the author for "" (post #1471) [] []

[2025-03-21 10:57:16] merlin-logger.DEBUG: Post 1471 was imported with author "agrawalgoyanka1@gmail.com", but could not be found [] []

[2025-03-21 10:57:16] merlin-logger.DEBUG: Post 1471 was marked for post-processing, but none was required. [] []

[2025-03-21 10:57:16] merlin-logger.DEBUG: Running post-processing for post 1472 [] []

[2025-03-21 10:57:16] merlin-logger.WARNING: Could not find the author for "" (post #1472) [] []

[2025-03-21 10:57:16] merlin-logger.DEBUG: Post 1472 was imported with author "agrawalgoyanka1@gmail.com", but could not be found [] []

[2025-03-21 10:57:16] merlin-logger.DEBUG: Post 1472 was marked for post-processing, but none was required. [] []

[2025-03-21 10:57:16] merlin-logger.DEBUG: Running post-processing for post 1474 [] []

[2025-03-21 10:57:16] merlin-logger.WARNING: Could not find the author for "" (post #1474) [] []

[2025-03-21 10:57:16] merlin-logger.DEBUG: Post 1474 was imported with author "agrawalgoyanka1@gmail.com", but could not be found [] []

[2025-03-21 10:57:16] merlin-logger.DEBUG: Post 1474 was marked for post-processing, but none was required. [] []

[2025-03-21 10:57:16] merlin-logger.DEBUG: Running post-processing for post 1580 [] []

[2025-03-21 10:57:16] merlin-logger.WARNING: Could not find the author for "" (post #1580) [] []

[2025-03-21 10:57:16] merlin-logger.DEBUG: Post 1580 was imported with author "agrawalgoyanka1@gmail.com", but could not be found [] []

[2025-03-21 10:57:16] merlin-logger.DEBUG: Post 1580 was marked for post-processing, but none was required. [] []

[2025-03-21 10:57:16] merlin-logger.DEBUG: Running post-processing for post 1581 [] []

[2025-03-21 10:57:16] merlin-logger.WARNING: Could not find the author for "" (post #1581) [] []

[2025-03-21 10:57:16] merlin-logger.DEBUG: Post 1581 was imported with author "agrawalgoyanka1@gmail.com", but could not be found [] []

[2025-03-21 10:57:16] merlin-logger.DEBUG: Post 1581 was marked for post-processing, but none was required. [] []

[2025-03-21 10:57:16] merlin-logger.DEBUG: Running post-processing for post 1582 [] []

[2025-03-21 10:57:16] merlin-logger.WARNING: Could not find the author for "" (post #1582) [] []

[2025-03-21 10:57:16] merlin-logger.DEBUG: Post 1582 was imported with author "agrawalgoyanka1@gmail.com", but could not be found [] []

[2025-03-21 10:57:16] merlin-logger.DEBUG: Post 1582 was marked for post-processing, but none was required. [] []

[2025-03-21 10:57:16] merlin-logger.DEBUG: Running post-processing for post 1583 [] []

[2025-03-21 10:57:16] merlin-logger.WARNING: Could not find the author for "" (post #1583) [] []

[2025-03-21 10:57:16] merlin-logger.DEBUG: Post 1583 was imported with author "agrawalgoyanka1@gmail.com", but could not be found [] []

[2025-03-21 10:57:16] merlin-logger.DEBUG: Post 1583 was marked for post-processing, but none was required. [] []

[2025-03-21 10:57:16] merlin-logger.DEBUG: Running post-processing for post 1584 [] []

[2025-03-21 10:57:16] merlin-logger.WARNING: Could not find the author for "" (post #1584) [] []

[2025-03-21 10:57:16] merlin-logger.DEBUG: Post 1584 was imported with author "agrawalgoyanka1@gmail.com", but could not be found [] []

[2025-03-21 10:57:16] merlin-logger.DEBUG: Post 1584 was marked for post-processing, but none was required. [] []

[2025-03-21 10:57:16] merlin-logger.DEBUG: Running post-processing for post 1907 [] []

[2025-03-21 10:57:16] merlin-logger.WARNING: Could not find the author for "credit-card" (post #1907) [] []

[2025-03-21 10:57:16] merlin-logger.DEBUG: Post 1907 was imported with author "agrawalgoyanka1@gmail.com", but could not be found [] []

[2025-03-21 10:57:16] merlin-logger.DEBUG: Running post-processing for post 1908 [] []

[2025-03-21 10:57:16] merlin-logger.WARNING: Could not find the author for "mastercard" (post #1908) [] []

[2025-03-21 10:57:16] merlin-logger.DEBUG: Post 1908 was imported with author "agrawalgoyanka1@gmail.com", but could not be found [] []

[2025-03-21 10:57:16] merlin-logger.DEBUG: Running post-processing for post 1909 [] []

[2025-03-21 10:57:16] merlin-logger.WARNING: Could not find the author for "" (post #1909) [] []

[2025-03-21 10:57:16] merlin-logger.DEBUG: Post 1909 was imported with author "agrawalgoyanka1@gmail.com", but could not be found [] []

[2025-03-21 10:57:16] merlin-logger.DEBUG: Post 1909 was marked for post-processing, but none was required. [] []

[2025-03-21 10:57:16] merlin-logger.DEBUG: Running post-processing for post 28 [] []

[2025-03-21 10:57:16] merlin-logger.WARNING: Could not find the author for "Shop" (post #28) [] []

[2025-03-21 10:57:16] merlin-logger.DEBUG: Post 28 was imported with author "agrawalgoyanka1@gmail.com", but could not be found [] []

[2025-03-21 10:57:16] merlin-logger.DEBUG: Post 28 was marked for post-processing, but none was required. [] []

[2025-03-21 10:57:16] merlin-logger.DEBUG: Running post-processing for post 30 [] []

[2025-03-21 10:57:16] merlin-logger.WARNING: Could not find the author for "Services" (post #30) [] []

[2025-03-21 10:57:16] merlin-logger.DEBUG: Post 30 was imported with author "agrawalgoyanka1@gmail.com", but could not be found [] []

[2025-03-21 10:57:16] merlin-logger.DEBUG: Post 30 was marked for post-processing, but none was required. [] []

[2025-03-21 10:57:16] merlin-logger.DEBUG: Running post-processing for post 31 [] []

[2025-03-21 10:57:16] merlin-logger.WARNING: Could not find the author for "Projects" (post #31) [] []

[2025-03-21 10:57:16] merlin-logger.DEBUG: Post 31 was imported with author "agrawalgoyanka1@gmail.com", but could not be found [] []

[2025-03-21 10:57:16] merlin-logger.DEBUG: Post 31 was marked for post-processing, but none was required. [] []

[2025-03-21 10:57:16] merlin-logger.DEBUG: Running post-processing for post 32 [] []

[2025-03-21 10:57:16] merlin-logger.WARNING: Could not find the author for "Pages" (post #32) [] []

[2025-03-21 10:57:16] merlin-logger.DEBUG: Post 32 was imported with author "agrawalgoyanka1@gmail.com", but could not be found [] []

[2025-03-21 10:57:16] merlin-logger.DEBUG: Post 32 was marked for post-processing, but none was required. [] []

[2025-03-21 10:57:16] merlin-logger.DEBUG: Running post-processing for post 33 [] []

[2025-03-21 10:57:16] merlin-logger.WARNING: Could not find the author for "News" (post #33) [] []

[2025-03-21 10:57:16] merlin-logger.DEBUG: Post 33 was imported with author "agrawalgoyanka1@gmail.com", but could not be found [] []

[2025-03-21 10:57:16] merlin-logger.DEBUG: Post 33 was marked for post-processing, but none was required. [] []

[2025-03-21 10:57:16] merlin-logger.DEBUG: Running post-processing for post 645 [] []

[2025-03-21 10:57:16] merlin-logger.WARNING: Could not find the author for "" (post #645) [] []

[2025-03-21 10:57:16] merlin-logger.DEBUG: Post 645 was imported with author "agrawalgoyanka1@gmail.com", but could not be found [] []

[2025-03-21 10:57:16] merlin-logger.DEBUG: Post 645 was marked for post-processing, but none was required. [] []

[2025-03-21 10:57:16] merlin-logger.DEBUG: Running post-processing for post 787 [] []

[2025-03-21 10:57:16] merlin-logger.WARNING: Could not find the author for "" (post #787) [] []

[2025-03-21 10:57:16] merlin-logger.DEBUG: Post 787 was imported with author "agrawalgoyanka1@gmail.com", but could not be found [] []

[2025-03-21 10:57:16] merlin-logger.DEBUG: Post 787 was marked for post-processing, but none was required. [] []

[2025-03-21 10:57:16] merlin-logger.DEBUG: Running post-processing for post 931 [] []

[2025-03-21 10:57:16] merlin-logger.WARNING: Could not find the author for "" (post #931) [] []

[2025-03-21 10:57:16] merlin-logger.DEBUG: Post 931 was imported with author "agrawalgoyanka1@gmail.com", but could not be found [] []

[2025-03-21 10:57:16] merlin-logger.DEBUG: Post 931 was marked for post-processing, but none was required. [] []

[2025-03-21 10:57:16] merlin-logger.DEBUG: Running post-processing for post 998 [] []

[2025-03-21 10:57:16] merlin-logger.WARNING: Could not find the author for "" (post #998) [] []

[2025-03-21 10:57:16] merlin-logger.DEBUG: Post 998 was imported with author "agrawalgoyanka1@gmail.com", but could not be found [] []

[2025-03-21 10:57:16] merlin-logger.DEBUG: Post 998 was marked for post-processing, but none was required. [] []

[2025-03-21 10:57:16] merlin-logger.DEBUG: Running post-processing for post 1061 [] []

[2025-03-21 10:57:16] merlin-logger.WARNING: Could not find the author for "" (post #1061) [] []

[2025-03-21 10:57:16] merlin-logger.DEBUG: Post 1061 was imported with author "agrawalgoyanka1@gmail.com", but could not be found [] []

[2025-03-21 10:57:16] merlin-logger.DEBUG: Post 1061 was marked for post-processing, but none was required. [] []

[2025-03-21 10:57:16] merlin-logger.DEBUG: Running post-processing for post 1062 [] []

[2025-03-21 10:57:16] merlin-logger.WARNING: Could not find the author for "" (post #1062) [] []

[2025-03-21 10:57:16] merlin-logger.DEBUG: Post 1062 was imported with author "agrawalgoyanka1@gmail.com", but could not be found [] []

[2025-03-21 10:57:16] merlin-logger.DEBUG: Post 1062 was marked for post-processing, but none was required. [] []

[2025-03-21 10:57:16] merlin-logger.DEBUG: Running post-processing for post 1142 [] []

[2025-03-21 10:57:16] merlin-logger.WARNING: Could not find the author for "" (post #1142) [] []

[2025-03-21 10:57:16] merlin-logger.DEBUG: Post 1142 was imported with author "agrawalgoyanka1@gmail.com", but could not be found [] []

[2025-03-21 10:57:16] merlin-logger.DEBUG: Post 1142 was marked for post-processing, but none was required. [] []

[2025-03-21 10:57:16] merlin-logger.DEBUG: Running post-processing for post 1143 [] []

[2025-03-21 10:57:16] merlin-logger.WARNING: Could not find the author for "" (post #1143) [] []

[2025-03-21 10:57:16] merlin-logger.DEBUG: Post 1143 was imported with author "agrawalgoyanka1@gmail.com", but could not be found [] []

[2025-03-21 10:57:16] merlin-logger.DEBUG: Post 1143 was marked for post-processing, but none was required. [] []

[2025-03-21 10:57:16] merlin-logger.DEBUG: Running post-processing for post 1145 [] []

[2025-03-21 10:57:16] merlin-logger.WARNING: Could not find the author for "Error Page" (post #1145) [] []

[2025-03-21 10:57:16] merlin-logger.DEBUG: Post 1145 was imported with author "agrawalgoyanka1@gmail.com", but could not be found [] []

[2025-03-21 10:57:16] merlin-logger.DEBUG: Post 1145 was marked for post-processing, but none was required. [] []

[2025-03-21 10:57:16] merlin-logger.DEBUG: Running post-processing for post 1146 [] []

[2025-03-21 10:57:16] merlin-logger.WARNING: Could not find the author for "Testimonial" (post #1146) [] []

[2025-03-21 10:57:16] merlin-logger.DEBUG: Post 1146 was imported with author "agrawalgoyanka1@gmail.com", but could not be found [] []

[2025-03-21 10:57:16] merlin-logger.DEBUG: Post 1146 was marked for post-processing, but none was required. [] []

[2025-03-21 10:57:16] merlin-logger.DEBUG: Running post-processing for post 1155 [] []

[2025-03-21 10:57:16] merlin-logger.WARNING: Could not find the author for "" (post #1155) [] []

[2025-03-21 10:57:16] merlin-logger.DEBUG: Post 1155 was imported with author "agrawalgoyanka1@gmail.com", but could not be found [] []

[2025-03-21 10:57:16] merlin-logger.DEBUG: Post 1155 was marked for post-processing, but none was required. [] []

[2025-03-21 10:57:16] merlin-logger.DEBUG: Running post-processing for post 1177 [] []

[2025-03-21 10:57:16] merlin-logger.WARNING: Could not find the author for "" (post #1177) [] []

[2025-03-21 10:57:16] merlin-logger.DEBUG: Post 1177 was imported with author "agrawalgoyanka1@gmail.com", but could not be found [] []

[2025-03-21 10:57:16] merlin-logger.DEBUG: Post 1177 was marked for post-processing, but none was required. [] []

[2025-03-21 10:57:16] merlin-logger.DEBUG: Running post-processing for post 1178 [] []

[2025-03-21 10:57:16] merlin-logger.WARNING: Could not find the author for "Our Team" (post #1178) [] []

[2025-03-21 10:57:16] merlin-logger.DEBUG: Post 1178 was imported with author "agrawalgoyanka1@gmail.com", but could not be found [] []

[2025-03-21 10:57:16] merlin-logger.DEBUG: Post 1178 was marked for post-processing, but none was required. [] []

[2025-03-21 10:57:16] merlin-logger.DEBUG: Running post-processing for post 1187 [] []

[2025-03-21 10:57:16] merlin-logger.WARNING: Could not find the author for "Our Team" (post #1187) [] []

[2025-03-21 10:57:16] merlin-logger.DEBUG: Post 1187 was imported with author "agrawalgoyanka1@gmail.com", but could not be found [] []

[2025-03-21 10:57:16] merlin-logger.DEBUG: Post 1187 was marked for post-processing, but none was required. [] []

[2025-03-21 10:57:16] merlin-logger.DEBUG: Running post-processing for post 12 [] []

[2025-03-21 10:57:16] merlin-logger.WARNING: Could not find the author for "My Shop" (post #12) [] []

[2025-03-21 10:57:16] merlin-logger.DEBUG: Post 12 was imported with author "agrawalgoyanka1@gmail.com", but could not be found [] []

[2025-03-21 10:57:16] merlin-logger.DEBUG: Post 12 was marked for post-processing, but none was required. [] []

[2025-03-21 10:57:16] merlin-logger.DEBUG: Running post-processing for post 13 [] []

[2025-03-21 10:57:16] merlin-logger.WARNING: Could not find the author for "My Cart" (post #13) [] []

[2025-03-21 10:57:16] merlin-logger.DEBUG: Post 13 was imported with author "agrawalgoyanka1@gmail.com", but could not be found [] []

[2025-03-21 10:57:16] merlin-logger.DEBUG: Post 13 was marked for post-processing, but none was required. [] []

[2025-03-21 10:57:16] merlin-logger.DEBUG: Running post-processing for post 14 [] []

[2025-03-21 10:57:16] merlin-logger.WARNING: Could not find the author for "My Checkout" (post #14) [] []

[2025-03-21 10:57:16] merlin-logger.DEBUG: Post 14 was imported with author "agrawalgoyanka1@gmail.com", but could not be found [] []

[2025-03-21 10:57:16] merlin-logger.DEBUG: Post 14 was marked for post-processing, but none was required. [] []

[2025-03-21 10:57:16] merlin-logger.DEBUG: Running post-processing for post 1910 [] []

[2025-03-21 10:57:16] merlin-logger.WARNING: Could not find the author for "My account" (post #1910) [] []

[2025-03-21 10:57:16] merlin-logger.DEBUG: Post 1910 was imported with author "agrawalgoyanka1@gmail.com", but could not be found [] []

[2025-03-21 10:57:16] merlin-logger.DEBUG: Post 1910 was marked for post-processing, but none was required. [] []

[2025-03-21 10:57:16] merlin-logger.DEBUG: Running post-processing for post 1911 [] []

[2025-03-21 10:57:16] merlin-logger.WARNING: Could not find the author for "Home One" (post #1911) [] []

[2025-03-21 10:57:16] merlin-logger.DEBUG: Post 1911 was imported with author "agrawalgoyanka1@gmail.com", but could not be found [] []

[2025-03-21 10:57:16] merlin-logger.DEBUG: Running post-processing for post 1912 [] []

[2025-03-21 10:57:16] merlin-logger.WARNING: Could not find the author for "Home Two" (post #1912) [] []

[2025-03-21 10:57:16] merlin-logger.DEBUG: Post 1912 was imported with author "agrawalgoyanka1@gmail.com", but could not be found [] []

[2025-03-21 10:57:16] merlin-logger.DEBUG: Running post-processing for post 1197 [] []

[2025-03-21 10:57:16] merlin-logger.WARNING: Could not find the author for "Team Details" (post #1197) [] []

[2025-03-21 10:57:16] merlin-logger.DEBUG: Post 1197 was imported with author "agrawalgoyanka1@gmail.com", but could not be found [] []

[2025-03-21 10:57:16] merlin-logger.WARNING: Could not find the menu object for "Team Details" (post #1197) [] []

[2025-03-21 10:57:16] merlin-logger.DEBUG: Post 1197 was imported with object "1195" of type "post_type", but could not be found [] []

[2025-03-21 10:57:16] merlin-logger.DEBUG: Post 1197 was marked for post-processing, but none was required. [] []

[2025-03-21 10:57:16] merlin-logger.DEBUG: Running post-processing for post 1331 [] []

[2025-03-21 10:57:16] merlin-logger.WARNING: Could not find the author for "Project Details" (post #1331) [] []

[2025-03-21 10:57:16] merlin-logger.DEBUG: Post 1331 was imported with author "agrawalgoyanka1@gmail.com", but could not be found [] []

[2025-03-21 10:57:16] merlin-logger.WARNING: Could not find the menu object for "Project Details" (post #1331) [] []

[2025-03-21 10:57:16] merlin-logger.DEBUG: Post 1331 was imported with object "1305" of type "post_type", but could not be found [] []

[2025-03-21 10:57:16] merlin-logger.DEBUG: Post 1331 was marked for post-processing, but none was required. [] []

[2025-03-21 10:57:16] merlin-logger.DEBUG: Running post-processing for post 1343 [] []

[2025-03-21 10:57:16] merlin-logger.WARNING: Could not find the author for "" (post #1343) [] []

[2025-03-21 10:57:16] merlin-logger.DEBUG: Post 1343 was imported with author "agrawalgoyanka1@gmail.com", but could not be found [] []

[2025-03-21 10:57:16] merlin-logger.DEBUG: Post 1343 was marked for post-processing, but none was required. [] []

[2025-03-21 10:57:16] merlin-logger.DEBUG: Running post-processing for post 1356 [] []

[2025-03-21 10:57:16] merlin-logger.WARNING: Could not find the author for "" (post #1356) [] []

[2025-03-21 10:57:16] merlin-logger.DEBUG: Post 1356 was imported with author "agrawalgoyanka1@gmail.com", but could not be found [] []

[2025-03-21 10:57:16] merlin-logger.DEBUG: Post 1356 was marked for post-processing, but none was required. [] []

[2025-03-21 10:57:16] merlin-logger.DEBUG: Running post-processing for post 1399 [] []

[2025-03-21 10:57:16] merlin-logger.WARNING: Could not find the author for "" (post #1399) [] []

[2025-03-21 10:57:16] merlin-logger.DEBUG: Post 1399 was imported with author "agrawalgoyanka1@gmail.com", but could not be found [] []

[2025-03-21 10:57:16] merlin-logger.DEBUG: Post 1399 was marked for post-processing, but none was required. [] []

[2025-03-21 10:57:16] merlin-logger.DEBUG: Running post-processing for post 1466 [] []

[2025-03-21 10:57:16] merlin-logger.WARNING: Could not find the author for "Blog Details Two" (post #1466) [] []

[2025-03-21 10:57:16] merlin-logger.DEBUG: Post 1466 was imported with author "agrawalgoyanka1@gmail.com", but could not be found [] []

[2025-03-21 10:57:16] merlin-logger.DEBUG: Post 1466 was marked for post-processing, but none was required. [] []

[2025-03-21 10:57:16] merlin-logger.DEBUG: Running post-processing for post 1467 [] []

[2025-03-21 10:57:16] merlin-logger.WARNING: Could not find the author for "Blog Details" (post #1467) [] []

[2025-03-21 10:57:16] merlin-logger.DEBUG: Post 1467 was imported with author "agrawalgoyanka1@gmail.com", but could not be found [] []

[2025-03-21 10:57:16] merlin-logger.DEBUG: Post 1467 was marked for post-processing, but none was required. [] []

[2025-03-21 10:57:16] merlin-logger.DEBUG: Running post-processing for post 1523 [] []

[2025-03-21 10:57:16] merlin-logger.WARNING: Could not find the author for "" (post #1523) [] []

[2025-03-21 10:57:16] merlin-logger.DEBUG: Post 1523 was imported with author "agrawalgoyanka1@gmail.com", but could not be found [] []

[2025-03-21 10:57:16] merlin-logger.DEBUG: Post 1523 was marked for post-processing, but none was required. [] []

[2025-03-21 10:57:16] merlin-logger.DEBUG: Running post-processing for post 1585 [] []

[2025-03-21 10:57:16] merlin-logger.WARNING: Could not find the author for "" (post #1585) [] []

[2025-03-21 10:57:16] merlin-logger.DEBUG: Post 1585 was imported with author "agrawalgoyanka1@gmail.com", but could not be found [] []

[2025-03-21 10:57:16] merlin-logger.DEBUG: Post 1585 was marked for post-processing, but none was required. [] []

[2025-03-21 10:57:16] merlin-logger.DEBUG: Running post-processing for post 1586 [] []

[2025-03-21 10:57:16] merlin-logger.WARNING: Could not find the author for "" (post #1586) [] []

[2025-03-21 10:57:16] merlin-logger.DEBUG: Post 1586 was imported with author "agrawalgoyanka1@gmail.com", but could not be found [] []

[2025-03-21 10:57:16] merlin-logger.DEBUG: Post 1586 was marked for post-processing, but none was required. [] []

[2025-03-21 10:57:16] merlin-logger.DEBUG: Running post-processing for post 1587 [] []

[2025-03-21 10:57:16] merlin-logger.WARNING: Could not find the author for "" (post #1587) [] []

[2025-03-21 10:57:16] merlin-logger.DEBUG: Post 1587 was imported with author "agrawalgoyanka1@gmail.com", but could not be found [] []

[2025-03-21 10:57:16] merlin-logger.DEBUG: Post 1587 was marked for post-processing, but none was required. [] []

[2025-03-21 10:57:16] merlin-logger.DEBUG: Running post-processing for post 1588 [] []

[2025-03-21 10:57:16] merlin-logger.WARNING: Could not find the author for "" (post #1588) [] []

[2025-03-21 10:57:16] merlin-logger.DEBUG: Post 1588 was imported with author "agrawalgoyanka1@gmail.com", but could not be found [] []

[2025-03-21 10:57:16] merlin-logger.DEBUG: Post 1588 was marked for post-processing, but none was required. [] []

[2025-03-21 10:57:16] merlin-logger.DEBUG: Running post-processing for post 1589 [] []

[2025-03-21 10:57:16] merlin-logger.WARNING: Could not find the author for "" (post #1589) [] []

[2025-03-21 10:57:16] merlin-logger.DEBUG: Post 1589 was imported with author "agrawalgoyanka1@gmail.com", but could not be found [] []

[2025-03-21 10:57:16] merlin-logger.DEBUG: Post 1589 was marked for post-processing, but none was required. [] []

[2025-03-21 10:57:16] merlin-logger.DEBUG: Running post-processing for post 1651 [] []

[2025-03-21 10:57:16] merlin-logger.WARNING: Could not find the author for "Product Details" (post #1651) [] []

[2025-03-21 10:57:16] merlin-logger.DEBUG: Post 1651 was imported with author "agrawalgoyanka1@gmail.com", but could not be found [] []

[2025-03-21 10:57:16] merlin-logger.DEBUG: Post 1651 was marked for post-processing, but none was required. [] []

[2025-03-21 10:57:16] merlin-logger.DEBUG: Running post-processing for post 637 [] []

[2025-03-21 10:57:16] merlin-logger.WARNING: Could not find the author for "Home Three" (post #637) [] []

[2025-03-21 10:57:16] merlin-logger.DEBUG: Post 637 was imported with author "agrawalgoyanka1@gmail.com", but could not be found [] []

[2025-03-21 10:57:16] merlin-logger.DEBUG: Running post-processing for post 782 [] []

[2025-03-21 10:57:16] merlin-logger.WARNING: Could not find the author for "Home Four" (post #782) [] []

[2025-03-21 10:57:16] merlin-logger.DEBUG: Post 782 was imported with author "agrawalgoyanka1@gmail.com", but could not be found [] []

[2025-03-21 10:57:16] merlin-logger.DEBUG: Running post-processing for post 925 [] []

[2025-03-21 10:57:16] merlin-logger.WARNING: Could not find the author for "Home Five" (post #925) [] []

[2025-03-21 10:57:16] merlin-logger.DEBUG: Post 925 was imported with author "agrawalgoyanka1@gmail.com", but could not be found [] []

[2025-03-21 10:57:16] merlin-logger.DEBUG: Running post-processing for post 996 [] []

[2025-03-21 10:57:16] merlin-logger.WARNING: Could not find the author for "About Us" (post #996) [] []

[2025-03-21 10:57:16] merlin-logger.DEBUG: Post 996 was imported with author "agrawalgoyanka1@gmail.com", but could not be found [] []

[2025-03-21 10:57:16] merlin-logger.DEBUG: Running post-processing for post 1057 [] []

[2025-03-21 10:57:16] merlin-logger.WARNING: Could not find the author for "Services" (post #1057) [] []

[2025-03-21 10:57:16] merlin-logger.DEBUG: Post 1057 was imported with author "agrawalgoyanka1@gmail.com", but could not be found [] []

[2025-03-21 10:57:16] merlin-logger.DEBUG: Running post-processing for post 1058 [] []

[2025-03-21 10:57:16] merlin-logger.WARNING: Could not find the author for "Services Two" (post #1058) [] []

[2025-03-21 10:57:16] merlin-logger.DEBUG: Post 1058 was imported with author "agrawalgoyanka1@gmail.com", but could not be found [] []

[2025-03-21 10:57:16] merlin-logger.DEBUG: Running post-processing for post 1135 [] []

[2025-03-21 10:57:16] merlin-logger.WARNING: Could not find the author for "Projects" (post #1135) [] []

[2025-03-21 10:57:16] merlin-logger.DEBUG: Post 1135 was imported with author "agrawalgoyanka1@gmail.com", but could not be found [] []

[2025-03-21 10:57:16] merlin-logger.DEBUG: Running post-processing for post 1137 [] []

[2025-03-21 10:57:16] merlin-logger.WARNING: Could not find the author for "Faqs" (post #1137) [] []

[2025-03-21 10:57:16] merlin-logger.DEBUG: Post 1137 was imported with author "agrawalgoyanka1@gmail.com", but could not be found [] []

[2025-03-21 10:57:16] merlin-logger.DEBUG: Post 1137 was marked for post-processing, but none was required. [] []

[2025-03-21 10:57:16] merlin-logger.DEBUG: Running post-processing for post 1147 [] []

[2025-03-21 10:57:16] merlin-logger.WARNING: Could not find the author for "Testimonial One" (post #1147) [] []

[2025-03-21 10:57:16] merlin-logger.DEBUG: Post 1147 was imported with author "agrawalgoyanka1@gmail.com", but could not be found [] []

[2025-03-21 10:57:16] merlin-logger.DEBUG: Running post-processing for post 1156 [] []

[2025-03-21 10:57:16] merlin-logger.WARNING: Could not find the author for "Testimonial Two" (post #1156) [] []

[2025-03-21 10:57:16] merlin-logger.DEBUG: Post 1156 was imported with author "agrawalgoyanka1@gmail.com", but could not be found [] []

[2025-03-21 10:57:16] merlin-logger.DEBUG: Running post-processing for post 1179 [] []

[2025-03-21 10:57:16] merlin-logger.WARNING: Could not find the author for "Team" (post #1179) [] []

[2025-03-21 10:57:16] merlin-logger.DEBUG: Post 1179 was imported with author "agrawalgoyanka1@gmail.com", but could not be found [] []

[2025-03-21 10:57:16] merlin-logger.DEBUG: Running post-processing for post 1200 [] []

[2025-03-21 10:57:16] merlin-logger.WARNING: Could not find the author for "Expert Consultant" (post #1200) [] []

[2025-03-21 10:57:16] merlin-logger.DEBUG: Post 1200 was imported with author "agrawalgoyanka1@gmail.com", but could not be found [] []

[2025-03-21 10:57:16] merlin-logger.DEBUG: Running post-processing for post 1332 [] []

[2025-03-21 10:57:16] merlin-logger.WARNING: Could not find the author for "Blog Grid" (post #1332) [] []

[2025-03-21 10:57:16] merlin-logger.DEBUG: Post 1332 was imported with author "agrawalgoyanka1@gmail.com", but could not be found [] []

[2025-03-21 10:57:16] merlin-logger.DEBUG: Post 1332 was marked for post-processing, but none was required. [] []

[2025-03-21 10:57:16] merlin-logger.DEBUG: Running post-processing for post 1354 [] []

[2025-03-21 10:57:16] merlin-logger.WARNING: Could not find the author for "Blog Standard" (post #1354) [] []

[2025-03-21 10:57:16] merlin-logger.DEBUG: Post 1354 was imported with author "agrawalgoyanka1@gmail.com", but could not be found [] []

[2025-03-21 10:57:16] merlin-logger.DEBUG: Post 1354 was marked for post-processing, but none was required. [] []

[2025-03-21 10:57:16] merlin-logger.DEBUG: Running post-processing for post 1357 [] []

[2025-03-21 10:57:16] merlin-logger.WARNING: Could not find the author for "Contact Us" (post #1357) [] []

[2025-03-21 10:57:16] merlin-logger.DEBUG: Post 1357 was imported with author "agrawalgoyanka1@gmail.com", but could not be found [] []

[2025-03-21 10:57:16] merlin-logger.DEBUG: Post 1357 was marked for post-processing, but none was required. [] []

[2025-03-21 10:57:16] merlin-logger.DEBUG: Running post-processing for post 1518 [] []

[2025-03-21 10:57:16] merlin-logger.WARNING: Could not find the author for "Pricing Plans" (post #1518) [] []

[2025-03-21 10:57:16] merlin-logger.DEBUG: Post 1518 was imported with author "agrawalgoyanka1@gmail.com", but could not be found [] []

[2025-03-21 10:57:16] merlin-logger.DEBUG: Running post-processing for post 1560 [] []

[2025-03-21 10:57:16] merlin-logger.WARNING: Could not find the author for "Retirement Solutions" (post #1560) [] []

[2025-03-21 10:57:16] merlin-logger.DEBUG: Post 1560 was imported with author "agrawalgoyanka1@gmail.com", but could not be found [] []

[2025-03-21 10:57:16] merlin-logger.DEBUG: Running post-processing for post 1561 [] []

[2025-03-21 10:57:16] merlin-logger.WARNING: Could not find the author for "Fraud &#038; Protect" (post #1561) [] []

[2025-03-21 10:57:16] merlin-logger.DEBUG: Post 1561 was imported with author "agrawalgoyanka1@gmail.com", but could not be found [] []

[2025-03-21 10:57:16] merlin-logger.DEBUG: Running post-processing for post 1562 [] []

[2025-03-21 10:57:16] merlin-logger.WARNING: Could not find the author for "Risk &#038; Compliance" (post #1562) [] []

[2025-03-21 10:57:16] merlin-logger.DEBUG: Post 1562 was imported with author "agrawalgoyanka1@gmail.com", but could not be found [] []

[2025-03-21 10:57:16] merlin-logger.DEBUG: Running post-processing for post 1563 [] []

[2025-03-21 10:57:16] merlin-logger.WARNING: Could not find the author for "Wealth Management" (post #1563) [] []

[2025-03-21 10:57:16] merlin-logger.DEBUG: Post 1563 was imported with author "agrawalgoyanka1@gmail.com", but could not be found [] []

[2025-03-21 10:57:16] merlin-logger.DEBUG: Running post-processing for post 1913 [] []

[2025-03-21 10:57:16] merlin-logger.WARNING: Could not find the author for "Sound Box" (post #1913) [] []

[2025-03-21 10:57:16] merlin-logger.DEBUG: Post 1913 was imported with author "agrawalgoyanka1@gmail.com", but could not be found [] []

[2025-03-21 10:57:16] merlin-logger.DEBUG: Post 1913 was marked for post-processing, but none was required. [] []

[2025-03-21 10:57:16] merlin-logger.DEBUG: Running post-processing for post 7 [] []

[2025-03-21 10:57:16] merlin-logger.WARNING: Could not find the author for "Wireless Headphone" (post #7) [] []

[2025-03-21 10:57:16] merlin-logger.DEBUG: Post 7 was imported with author "agrawalgoyanka1@gmail.com", but could not be found [] []

[2025-03-21 10:57:16] merlin-logger.DEBUG: Post 7 was marked for post-processing, but none was required. [] []

[2025-03-21 10:57:16] merlin-logger.DEBUG: Running post-processing for post 8 [] []

[2025-03-21 10:57:16] merlin-logger.WARNING: Could not find the author for "Electric Charger" (post #8) [] []

[2025-03-21 10:57:16] merlin-logger.DEBUG: Post 8 was imported with author "agrawalgoyanka1@gmail.com", but could not be found [] []

[2025-03-21 10:57:16] merlin-logger.DEBUG: Post 8 was marked for post-processing, but none was required. [] []

[2025-03-21 10:57:16] merlin-logger.DEBUG: Running post-processing for post 625 [] []

[2025-03-21 10:57:16] merlin-logger.WARNING: Could not find the author for "Helping people access the support they’re entitled to" (post #625) [] []

[2025-03-21 10:57:16] merlin-logger.DEBUG: Post 625 was imported with author "agrawalgoyanka1@gmail.com", but could not be found [] []

[2025-03-21 10:57:17] merlin-logger.DEBUG: Running post-processing for post 630 [] []

[2025-03-21 10:57:17] merlin-logger.WARNING: Could not find the author for "A Financial Inclusion Plan for the whole sector" (post #630) [] []

[2025-03-21 10:57:17] merlin-logger.DEBUG: Post 630 was imported with author "agrawalgoyanka1@gmail.com", but could not be found [] []

[2025-03-21 10:57:17] merlin-logger.DEBUG: Running post-processing for post 631 [] []

[2025-03-21 10:57:17] merlin-logger.WARNING: Could not find the author for "Meet Vince our Community Finance Engagement Manager" (post #631) [] []

[2025-03-21 10:57:17] merlin-logger.DEBUG: Post 631 was imported with author "agrawalgoyanka1@gmail.com", but could not be found [] []

[2025-03-21 10:57:17] merlin-logger.DEBUG: Running post-processing for post 1345 [] []

[2025-03-21 10:57:17] merlin-logger.WARNING: Could not find the author for "Helping people access the support they’re entitled to" (post #1345) [] []

[2025-03-21 10:57:17] merlin-logger.DEBUG: Post 1345 was imported with author "agrawalgoyanka1@gmail.com", but could not be found [] []

[2025-03-21 10:57:17] merlin-logger.DEBUG: Running post-processing for post 1476 [] []

[2025-03-21 10:57:17] merlin-logger.WARNING: Could not find the author for "Digital Headphone" (post #1476) [] []

[2025-03-21 10:57:17] merlin-logger.DEBUG: Post 1476 was imported with author "agrawalgoyanka1@gmail.com", but could not be found [] []

[2025-03-21 10:57:17] merlin-logger.DEBUG: Post 1476 was marked for post-processing, but none was required. [] []

[2025-03-21 10:57:17] merlin-logger.DEBUG: Running post-processing for post 1477 [] []

[2025-03-21 10:57:17] merlin-logger.WARNING: Could not find the author for "Sound Box" (post #1477) [] []

[2025-03-21 10:57:17] merlin-logger.DEBUG: Post 1477 was imported with author "agrawalgoyanka1@gmail.com", but could not be found [] []

[2025-03-21 10:57:17] merlin-logger.DEBUG: Post 1477 was marked for post-processing, but none was required. [] []

[2025-03-21 10:57:17] merlin-logger.DEBUG: Running post-processing for post 1478 [] []

[2025-03-21 10:57:17] merlin-logger.WARNING: Could not find the author for "Smart Watch" (post #1478) [] []

[2025-03-21 10:57:17] merlin-logger.DEBUG: Post 1478 was imported with author "agrawalgoyanka1@gmail.com", but could not be found [] []

[2025-03-21 10:57:17] merlin-logger.DEBUG: Post 1478 was marked for post-processing, but none was required. [] []

[2025-03-21 10:57:17] merlin-logger.DEBUG: Running post-processing for post 1479 [] []

[2025-03-21 10:57:17] merlin-logger.WARNING: Could not find the author for "Digital Headphone" (post #1479) [] []

[2025-03-21 10:57:17] merlin-logger.DEBUG: Post 1479 was imported with author "agrawalgoyanka1@gmail.com", but could not be found [] []

[2025-03-21 10:57:17] merlin-logger.DEBUG: Post 1479 was marked for post-processing, but none was required. [] []

[2025-03-21 10:57:17] merlin-logger.DEBUG: Running post-processing for post 1480 [] []

[2025-03-21 10:57:17] merlin-logger.WARNING: Could not find the author for "Remort Consol" (post #1480) [] []

[2025-03-21 10:57:17] merlin-logger.DEBUG: Post 1480 was imported with author "agrawalgoyanka1@gmail.com", but could not be found [] []

[2025-03-21 10:57:17] merlin-logger.DEBUG: Post 1480 was marked for post-processing, but none was required. [] []

[2025-03-21 10:57:17] merlin-logger.DEBUG: Running post-processing for post 1596 [] []

[2025-03-21 10:57:17] merlin-logger.WARNING: Could not find the author for "Worldpay Solutions" (post #1596) [] []

[2025-03-21 10:57:17] merlin-logger.DEBUG: Post 1596 was imported with author "agrawalgoyanka1@gmail.com", but could not be found [] []

[2025-03-21 10:57:17] merlin-logger.DEBUG: Running post-processing for post 1597 [] []

[2025-03-21 10:57:17] merlin-logger.WARNING: Could not find the author for "Innovative Fintech" (post #1597) [] []

[2025-03-21 10:57:17] merlin-logger.DEBUG: Post 1597 was imported with author "agrawalgoyanka1@gmail.com", but could not be found [] []

[2025-03-21 10:57:17] merlin-logger.DEBUG: Running post-processing for post 1861 [] []

[2025-03-21 10:57:17] merlin-logger.WARNING: Could not find the author for "Analysis of information about customers" (post #1861) [] []

[2025-03-21 10:57:17] merlin-logger.DEBUG: Post 1861 was imported with author "agrawalgoyanka1@gmail.com", but could not be found [] []

[2025-03-21 10:57:17] merlin-logger.DEBUG: Running post-processing for post 1862 [] []

[2025-03-21 10:57:17] merlin-logger.WARNING: Could not find the author for "Meet Vince our Community Finance Engagement Manager" (post #1862) [] []

[2025-03-21 10:57:17] merlin-logger.DEBUG: Post 1862 was imported with author "agrawalgoyanka1@gmail.com", but could not be found [] []

[2025-03-21 10:57:17] merlin-logger.DEBUG: Running post-processing for post 1863 [] []

[2025-03-21 10:57:17] merlin-logger.WARNING: Could not find the author for "The principle of accounting for all registers" (post #1863) [] []

[2025-03-21 10:57:17] merlin-logger.DEBUG: Post 1863 was imported with author "agrawalgoyanka1@gmail.com", but could not be found [] []

[2025-03-21 10:57:17] merlin-logger.DEBUG: Running post-processing for post 1864 [] []

[2025-03-21 10:57:17] merlin-logger.WARNING: Could not find the author for "Documents required for business analysis" (post #1864) [] []

[2025-03-21 10:57:17] merlin-logger.DEBUG: Post 1864 was imported with author "agrawalgoyanka1@gmail.com", but could not be found [] []

[2025-03-21 10:57:17] merlin-logger.DEBUG: Running post-processing for post 1865 [] []

[2025-03-21 10:57:17] merlin-logger.WARNING: Could not find the author for "Quality control of accounting services" (post #1865) [] []

[2025-03-21 10:57:17] merlin-logger.DEBUG: Post 1865 was imported with author "agrawalgoyanka1@gmail.com", but could not be found [] []

[2025-03-21 10:57:17] merlin-logger.DEBUG: Running post-processing for post 1866 [] []

[2025-03-21 10:57:17] merlin-logger.WARNING: Could not find the author for "A Financial Inclusion Plan for the whole sector" (post #1866) [] []

[2025-03-21 10:57:17] merlin-logger.DEBUG: Post 1866 was imported with author "agrawalgoyanka1@gmail.com", but could not be found [] []

[2025-03-21 10:57:17] merlin-logger.DEBUG: Running post-processing for post 29 [] []

[2025-03-21 10:57:17] merlin-logger.WARNING: Could not find the author for "Digital Laptop" (post #29) [] []

[2025-03-21 10:57:17] merlin-logger.DEBUG: Post 29 was imported with author "agrawalgoyanka1@gmail.com", but could not be found [] []

[2025-03-21 10:57:17] merlin-logger.DEBUG: Post 29 was marked for post-processing, but none was required. [] []

[2025-03-21 10:57:17] merlin-logger.DEBUG: Running post-processing for post 1481 [] []

[2025-03-21 10:57:17] merlin-logger.WARNING: Could not find the author for "Apple Iphone" (post #1481) [] []

[2025-03-21 10:57:17] merlin-logger.DEBUG: Post 1481 was imported with author "agrawalgoyanka1@gmail.com", but could not be found [] []

[2025-03-21 10:57:17] merlin-logger.DEBUG: Post 1481 was marked for post-processing, but none was required. [] []

[2025-03-21 10:57:17] merlin-logger.DEBUG: Running post-processing for post 1482 [] []

[2025-03-21 10:57:17] merlin-logger.WARNING: Could not find the author for "Sound Box" (post #1482) [] []

[2025-03-21 10:57:17] merlin-logger.DEBUG: Post 1482 was imported with author "agrawalgoyanka1@gmail.com", but could not be found [] []

[2025-03-21 10:57:17] merlin-logger.DEBUG: Post 1482 was marked for post-processing, but none was required. [] []

[2025-03-21 10:57:17] merlin-logger.DEBUG: Running post-processing for post 1483 [] []

[2025-03-21 10:57:17] merlin-logger.WARNING: Could not find the author for "Digital Headphone" (post #1483) [] []

[2025-03-21 10:57:17] merlin-logger.DEBUG: Post 1483 was imported with author "agrawalgoyanka1@gmail.com", but could not be found [] []

[2025-03-21 10:57:17] merlin-logger.DEBUG: Post 1483 was marked for post-processing, but none was required. [] []

[2025-03-21 10:57:17] merlin-logger.DEBUG: Running post-processing for post 1484 [] []

[2025-03-21 10:57:17] merlin-logger.WARNING: Could not find the author for "Remort Consol" (post #1484) [] []

[2025-03-21 10:57:17] merlin-logger.DEBUG: Post 1484 was imported with author "agrawalgoyanka1@gmail.com", but could not be found [] []

[2025-03-21 10:57:17] merlin-logger.DEBUG: Post 1484 was marked for post-processing, but none was required. [] []

[2025-03-21 10:57:17] merlin-logger.DEBUG: Running post-processing for post 1485 [] []

[2025-03-21 10:57:17] merlin-logger.WARNING: Could not find the author for "Apple Iphone" (post #1485) [] []

[2025-03-21 10:57:17] merlin-logger.DEBUG: Post 1485 was imported with author "agrawalgoyanka1@gmail.com", but could not be found [] []

[2025-03-21 10:57:17] merlin-logger.DEBUG: Post 1485 was marked for post-processing, but none was required. [] []

[2025-03-21 10:57:17] merlin-logger.DEBUG: Running post-processing for post 1486 [] []

[2025-03-21 10:57:17] merlin-logger.WARNING: Could not find the author for "Sound Box" (post #1486) [] []

[2025-03-21 10:57:17] merlin-logger.DEBUG: Post 1486 was imported with author "agrawalgoyanka1@gmail.com", but could not be found [] []

[2025-03-21 10:57:17] merlin-logger.DEBUG: Post 1486 was marked for post-processing, but none was required. [] []

[2025-03-21 10:57:17] merlin-logger.DEBUG: Running post-processing for post 1487 [] []

[2025-03-21 10:57:17] merlin-logger.WARNING: Could not find the author for "Sound Box &#8211; Red" (post #1487) [] []

[2025-03-21 10:57:17] merlin-logger.DEBUG: Post 1487 was imported with author "agrawalgoyanka1@gmail.com", but could not be found [] []

[2025-03-21 10:57:17] merlin-logger.DEBUG: Post 1487 was marked for post-processing, but none was required. [] []

[2025-03-21 10:57:17] merlin-logger.DEBUG: Running post-processing for post 1488 [] []

[2025-03-21 10:57:17] merlin-logger.WARNING: Could not find the author for "Sound Box &#8211; Green" (post #1488) [] []

[2025-03-21 10:57:17] merlin-logger.DEBUG: Post 1488 was imported with author "agrawalgoyanka1@gmail.com", but could not be found [] []

[2025-03-21 10:57:17] merlin-logger.DEBUG: Post 1488 was marked for post-processing, but none was required. [] []

[2025-03-21 10:57:17] merlin-logger.DEBUG: Running post-processing for post 1489 [] []

[2025-03-21 10:57:17] merlin-logger.WARNING: Could not find the author for "Sound Box &#8211; Blue" (post #1489) [] []

[2025-03-21 10:57:17] merlin-logger.DEBUG: Post 1489 was imported with author "agrawalgoyanka1@gmail.com", but could not be found [] []

[2025-03-21 10:57:17] merlin-logger.DEBUG: Post 1489 was marked for post-processing, but none was required. [] []

[2025-03-21 10:57:17] merlin-logger.DEBUG: Running post-processing for post 1490 [] []

[2025-03-21 10:57:17] merlin-logger.WARNING: Could not find the author for "Wireless Headphone &#8211; Red, No" (post #1490) [] []

[2025-03-21 10:57:17] merlin-logger.DEBUG: Post 1490 was imported with author "agrawalgoyanka1@gmail.com", but could not be found [] []

[2025-03-21 10:57:17] merlin-logger.DEBUG: Post 1490 was marked for post-processing, but none was required. [] []

[2025-03-21 10:57:17] merlin-logger.DEBUG: Running post-processing for post 1491 [] []

[2025-03-21 10:57:17] merlin-logger.WARNING: Could not find the author for "Wireless Headphone &#8211; Green, No" (post #1491) [] []

[2025-03-21 10:57:17] merlin-logger.DEBUG: Post 1491 was imported with author "agrawalgoyanka1@gmail.com", but could not be found [] []

[2025-03-21 10:57:17] merlin-logger.DEBUG: Post 1491 was marked for post-processing, but none was required. [] []

[2025-03-21 10:57:17] merlin-logger.DEBUG: Running post-processing for post 1492 [] []

[2025-03-21 10:57:17] merlin-logger.WARNING: Could not find the author for "Wireless Headphone &#8211; Blue, No" (post #1492) [] []

[2025-03-21 10:57:17] merlin-logger.DEBUG: Post 1492 was imported with author "agrawalgoyanka1@gmail.com", but could not be found [] []

[2025-03-21 10:57:17] merlin-logger.DEBUG: Post 1492 was marked for post-processing, but none was required. [] []

[2025-03-21 10:57:17] merlin-logger.DEBUG: Running post-processing for post 1493 [] []

[2025-03-21 10:57:17] merlin-logger.WARNING: Could not find the author for "Smart Phone" (post #1493) [] []

[2025-03-21 10:57:17] merlin-logger.DEBUG: Post 1493 was imported with author "agrawalgoyanka1@gmail.com", but could not be found [] []

[2025-03-21 10:57:17] merlin-logger.DEBUG: Post 1493 was marked for post-processing, but none was required. [] []

[2025-03-21 10:57:17] merlin-logger.DEBUG: Running post-processing for post 1494 [] []

[2025-03-21 10:57:17] merlin-logger.WARNING: Could not find the author for "Play Console" (post #1494) [] []

[2025-03-21 10:57:17] merlin-logger.DEBUG: Post 1494 was imported with author "agrawalgoyanka1@gmail.com", but could not be found [] []

[2025-03-21 10:57:17] merlin-logger.DEBUG: Post 1494 was marked for post-processing, but none was required. [] []

[2025-03-21 10:57:17] merlin-logger.DEBUG: Running post-processing for post 1495 [] []

[2025-03-21 10:57:17] merlin-logger.WARNING: Could not find the author for "Smart Watch" (post #1495) [] []

[2025-03-21 10:57:17] merlin-logger.DEBUG: Post 1495 was imported with author "agrawalgoyanka1@gmail.com", but could not be found [] []

[2025-03-21 10:57:17] merlin-logger.DEBUG: Post 1495 was marked for post-processing, but none was required. [] []

[2025-03-21 10:57:17] merlin-logger.DEBUG: Running post-processing for post 1496 [] []

[2025-03-21 10:57:17] merlin-logger.WARNING: Could not find the author for "Wireless Headphone &#8211; Blue, Yes" (post #1496) [] []

[2025-03-21 10:57:17] merlin-logger.DEBUG: Post 1496 was imported with author "agrawalgoyanka1@gmail.com", but could not be found [] []

[2025-03-21 10:57:17] merlin-logger.DEBUG: Post 1496 was marked for post-processing, but none was required. [] []

[2025-03-21 10:57:17] merlin-logger.DEBUG: Running post-processing for post 1914 [] []

[2025-03-21 10:57:17] merlin-logger.WARNING: Could not find the author for "Navigation" (post #1914) [] []

[2025-03-21 10:57:17] merlin-logger.DEBUG: Post 1914 was imported with author "agrawalgoyanka1@gmail.com", but could not be found [] []

[2025-03-21 10:57:17] merlin-logger.DEBUG: Post 1914 was marked for post-processing, but none was required. [] []

[2025-03-21 10:57:17] merlin-logger.DEBUG: Running post-processing for post 9 [] []

[2025-03-21 10:57:17] merlin-logger.WARNING: Could not find the author for "Contact form 1" (post #9) [] []

[2025-03-21 10:57:17] merlin-logger.DEBUG: Post 9 was imported with author "agrawalgoyanka1@gmail.com", but could not be found [] []

[2025-03-21 10:57:17] merlin-logger.DEBUG: Post 9 was marked for post-processing, but none was required. [] []

[2025-03-21 10:57:17] merlin-logger.DEBUG: Running post-processing for post 1449 [] []

[2025-03-21 10:57:17] merlin-logger.WARNING: Could not find the author for "Contact Us Form" (post #1449) [] []

[2025-03-21 10:57:17] merlin-logger.DEBUG: Post 1449 was imported with author "agrawalgoyanka1@gmail.com", but could not be found [] []

[2025-03-21 10:57:17] merlin-logger.DEBUG: Post 1449 was marked for post-processing, but none was required. [] []

[2025-03-21 10:57:17] merlin-logger.WARNING: Could not find the author for comment #2 [] []

[2025-03-21 10:57:17] merlin-logger.DEBUG: Comment 2 was imported with author 1, but could not be found [] []

[2025-03-21 10:57:17] merlin-logger.WARNING: Could not find the author for comment #3 [] []

[2025-03-21 10:57:17] merlin-logger.DEBUG: Comment 3 was imported with author 1, but could not be found [] []

[2025-03-21 10:57:17] merlin-logger.WARNING: Could not find the author for comment #4 [] []

[2025-03-21 10:57:17] merlin-logger.DEBUG: Comment 4 was imported with author 1, but could not be found [] []

[2025-03-21 10:57:17] merlin-logger.WARNING: Could not find the author for comment #8 [] []

[2025-03-21 10:57:17] merlin-logger.DEBUG: Comment 8 was imported with author 1, but could not be found [] []

[2025-03-21 10:57:17] merlin-logger.WARNING: Could not find the author for comment #9 [] []

[2025-03-21 10:57:17] merlin-logger.DEBUG: Comment 9 was imported with author 1, but could not be found [] []

[2025-03-21 10:57:17] merlin-logger.WARNING: Could not find the author for comment #10 [] []

[2025-03-21 10:57:17] merlin-logger.DEBUG: Comment 10 was imported with author 1, but could not be found [] []

[2025-03-21 10:57:17] merlin-logger.WARNING: Could not find the author for comment #11 [] []

[2025-03-21 10:57:17] merlin-logger.DEBUG: Comment 11 was imported with author 1, but could not be found [] []

[2025-03-21 10:57:17] merlin-logger.WARNING: Could not find the author for comment #12 [] []

[2025-03-21 10:57:17] merlin-logger.DEBUG: Comment 12 was imported with author 1, but could not be found [] []

[2025-03-21 10:57:17] merlin-logger.WARNING: Could not find the author for comment #13 [] []

[2025-03-21 10:57:17] merlin-logger.DEBUG: Comment 13 was imported with author 1, but could not be found [] []

[2025-03-21 10:57:17] merlin-logger.WARNING: Could not find the author for comment #14 [] []

[2025-03-21 10:57:17] merlin-logger.DEBUG: Comment 14 was imported with author 1, but could not be found [] []

[2025-03-21 10:57:17] merlin-logger.WARNING: Could not find the author for comment #15 [] []

[2025-03-21 10:57:17] merlin-logger.DEBUG: Comment 15 was imported with author 1, but could not be found [] []

[2025-03-21 10:57:17] merlin-logger.WARNING: Could not find the author for comment #16 [] []

[2025-03-21 10:57:17] merlin-logger.DEBUG: Comment 16 was imported with author 1, but could not be found [] []

[2025-03-21 10:57:17] merlin-logger.WARNING: Could not find the author for comment #17 [] []

[2025-03-21 10:57:17] merlin-logger.DEBUG: Comment 17 was imported with author 1, but could not be found [] []

[2025-03-21 10:57:17] merlin-logger.WARNING: Could not find the author for comment #18 [] []

[2025-03-21 10:57:17] merlin-logger.DEBUG: Comment 18 was imported with author 1, but could not be found [] []

[2025-03-21 10:57:17] merlin-logger.WARNING: Could not find the author for comment #19 [] []

[2025-03-21 10:57:17] merlin-logger.DEBUG: Comment 19 was imported with author 1, but could not be found [] []

[2025-03-21 10:57:17] merlin-logger.WARNING: Could not find the author for comment #20 [] []

[2025-03-21 10:57:17] merlin-logger.DEBUG: Comment 20 was imported with author 1, but could not be found [] []

[2025-03-21 10:57:17] merlin-logger.WARNING: Could not find the author for comment #21 [] []

[2025-03-21 10:57:17] merlin-logger.DEBUG: Comment 21 was imported with author 1, but could not be found [] []

[2025-03-21 10:57:17] merlin-logger.INFO: Starting remapping of featured images [] []

[2025-03-21 10:57:19] merlin-logger.INFO: The content import AJAX call will be executed with this import data {"title":"Widgets","data":"/home/u894712264/domains/agrawalgoyanka.co.in/public_html/wp-content/themes/financer/demo-import/content/widgets.json"} []

[2025-03-21 10:57:19] merlin-logger.DEBUG: Default Sidebar :   Block - No Title - Imported Block - No Title - Imported Block - No Title - Imported Block - No Title - Imported Block - No Title - Imported  Footer Widget :   financer_about_us - No Title - Site does not support widget Navigation Menu - Quick Links - Imported Navigation Menu - Services - Imported financer_newsletter - Subscribe Newsletter - Site does not support widget  Blog Listing :   Search - Search - Imported Categories - Categories - Imported financer_recent_posts - Recent Post - Site does not support widget financer_our_gallery - Our Gallery - Site does not support widget Archives - Archives - Imported Tag Cloud - Popular Tags - Imported  Shop Widget :   Product Search - No Title - Imported Product Categories - Product categories - Imported Product Tag Cloud - Product tags - Imported Products list - Products - Imported   [] []

[2025-03-21 10:57:20] merlin-logger.INFO: The content import AJAX call will be executed with this import data {"title":"Redux Options","data":[{"file_path":"/home/u894712264/domains/agrawalgoyanka.co.in/public_html/wp-content/themes/financer/demo-import/content/redux_options.json","option_name":"financer_options"}]} []

[2025-03-21 10:57:20] merlin-logger.ERROR: The content import AJAX call failed with this passed data {"selected_content_index":0,"importing_content":"redux","importing_data":[{"file_path":"/home/u894712264/domains/agrawalgoyanka.co.in/public_html/wp-content/themes/financer/demo-import/content/redux_options.json","option_name":"financer_options"}]} []

[2025-03-21 10:57:22] merlin-logger.INFO: The content import AJAX call will be executed with this import data {"title":"After import setup","data":0} []

[2025-03-21 10:57:27] merlin-logger.DEBUG: The final step has been displayed [] []

[2025-03-21 10:59:08] merlin-logger.DEBUG: The welcome step has been displayed [] []

[2025-03-21 10:59:12] merlin-logger.DEBUG: The welcome step has been displayed [] []

[2025-03-21 10:59:17] merlin-logger.DEBUG: The child theme installation step has been displayed [] []

[2025-03-21 10:59:23] merlin-logger.DEBUG: The plugin installation step has been displayed [] []

[2025-03-21 10:59:26] merlin-logger.DEBUG: A plugin with the following data will be processed {"plugin_slug":"financer-plugin","message":"Installing"} []

[2025-03-21 10:59:32] merlin-logger.DEBUG: A plugin with the following data will be processed {"plugin_slug":"financer-plugin","message":"Activating"} []

[2025-03-21 10:59:34] merlin-logger.DEBUG: A plugin with the following data was processed {"plugin_slug":"financer-plugin"} []

[2025-03-21 10:59:39] merlin-logger.DEBUG: The content import step has been displayed [] []

[2025-03-21 10:59:42] merlin-logger.INFO: The content import AJAX call will be executed with this import data {"title":"Content","data":"/home/u894712264/domains/agrawalgoyanka.co.in/public_html/wp-content/themes/financer/demo-import/content/content.xml"} []

[2025-03-21 10:59:42] merlin-logger.DEBUG: The Hello world post status was set to draft [] []

[2025-03-21 10:59:42] merlin-logger.INFO: Imported "banking" (project_cat) [] []

[2025-03-21 10:59:42] merlin-logger.DEBUG: Term 21 remapped to 53 [] []

[2025-03-21 10:59:42] merlin-logger.INFO: Imported "Corporate" (project_cat) [] []

[2025-03-21 10:59:42] merlin-logger.DEBUG: Term 22 remapped to 54 [] []

[2025-03-21 10:59:42] merlin-logger.INFO: Imported "financer" (project_cat) [] []

[2025-03-21 10:59:42] merlin-logger.DEBUG: Term 23 remapped to 55 [] []

[2025-03-21 10:59:42] merlin-logger.INFO: Imported "Tax" (project_cat) [] []

[2025-03-21 10:59:42] merlin-logger.DEBUG: Term 24 remapped to 56 [] []

[2025-03-21 10:59:42] merlin-logger.INFO: Imported "Team Grid" (team_cat) [] []

[2025-03-21 10:59:42] merlin-logger.DEBUG: Term 17 remapped to 57 [] []

[2025-03-21 10:59:42] merlin-logger.INFO: Imported "Testimonial Carousel" (testimonials_cat) [] []

[2025-03-21 10:59:42] merlin-logger.DEBUG: Term 18 remapped to 58 [] []

[2025-03-21 10:59:42] merlin-logger.INFO: Media "beanie-2.jpg" already exists. [] []

[2025-03-21 10:59:42] merlin-logger.INFO: Media "vneck-tee-2.jpg" already exists. [] []

[2025-03-21 10:59:42] merlin-logger.INFO: Media "vnech-tee-green-1.jpg" already exists. [] []

[2025-03-21 10:59:42] merlin-logger.INFO: Media "vnech-tee-blue-1.jpg" already exists. [] []

[2025-03-21 10:59:42] merlin-logger.INFO: Media "hoodie-2.jpg" already exists. [] []

[2025-03-21 10:59:42] merlin-logger.INFO: Media "hoodie-blue-1.jpg" already exists. [] []

[2025-03-21 10:59:42] merlin-logger.INFO: Media "hoodie-green-1.jpg" already exists. [] []

[2025-03-21 10:59:42] merlin-logger.INFO: Media "hoodie-with-logo-2.jpg" already exists. [] []

[2025-03-21 10:59:42] merlin-logger.INFO: Media "tshirt-2.jpg" already exists. [] []

[2025-03-21 10:59:42] merlin-logger.INFO: Media "belt-2.jpg" already exists. [] []

[2025-03-21 10:59:42] merlin-logger.INFO: Media "cap-2.jpg" already exists. [] []

[2025-03-21 10:59:42] merlin-logger.INFO: Media "sunglasses-2.jpg" already exists. [] []

[2025-03-21 10:59:42] merlin-logger.INFO: Media "hoodie-with-pocket-2.jpg" already exists. [] []

[2025-03-21 10:59:42] merlin-logger.INFO: Media "hoodie-with-zipper-2.jpg" already exists. [] []

[2025-03-21 10:59:42] merlin-logger.INFO: Media "long-sleeve-tee-2.jpg" already exists. [] []

[2025-03-21 10:59:42] merlin-logger.INFO: Media "polo-2.jpg" already exists. [] []

[2025-03-21 10:59:42] merlin-logger.INFO: Media "album-1.jpg" already exists. [] []

[2025-03-21 10:59:42] merlin-logger.INFO: Media "single-1.jpg" already exists. [] []

[2025-03-21 10:59:42] merlin-logger.INFO: Media "t-shirt-with-logo-1.jpg" already exists. [] []

[2025-03-21 10:59:42] merlin-logger.INFO: Media "beanie-with-logo-1.jpg" already exists. [] []

[2025-03-21 10:59:42] merlin-logger.INFO: Media "woocommerce-placeholder" already exists. [] []

[2025-03-21 10:59:42] merlin-logger.INFO: Media "footer-logo" already exists. [] []

[2025-03-21 10:59:42] merlin-logger.INFO: Media "logo" already exists. [] []

[2025-03-21 10:59:42] merlin-logger.INFO: Media "logo_2" already exists. [] []

[2025-03-21 10:59:42] merlin-logger.INFO: Media "mobile-logo" already exists. [] []

[2025-03-21 10:59:42] merlin-logger.INFO: Media "mouse-pointer" already exists. [] []

[2025-03-21 10:59:42] merlin-logger.INFO: Media "shape_icon_1" already exists. [] []

[2025-03-21 10:59:42] merlin-logger.INFO: Media "star_icon" already exists. [] []

[2025-03-21 10:59:42] merlin-logger.INFO: Media "banner_image" already exists. [] []

[2025-03-21 10:59:42] merlin-logger.INFO: Media "chart_1" already exists. [] []

[2025-03-21 10:59:42] merlin-logger.INFO: Media "chart_2" already exists. [] []

[2025-03-21 10:59:42] merlin-logger.INFO: Media "chart_3" already exists. [] []

[2025-03-21 10:59:42] merlin-logger.INFO: Media "video_box_bg" already exists. [] []

[2025-03-21 10:59:42] merlin-logger.INFO: Media "team-1" already exists. [] []

[2025-03-21 10:59:42] merlin-logger.INFO: Media "team-2" already exists. [] []

[2025-03-21 10:59:42] merlin-logger.INFO: Media "team-3" already exists. [] []

[2025-03-21 10:59:42] merlin-logger.INFO: Media "team-4" already exists. [] []

[2025-03-21 10:59:42] merlin-logger.INFO: Media "cta_image" already exists. [] []

[2025-03-21 10:59:42] merlin-logger.INFO: Media "logo-1.jpg" already exists. [] []

[2025-03-21 10:59:42] merlin-logger.INFO: Media "pennant-1.jpg" already exists. [] []

[2025-03-21 10:59:42] merlin-logger.INFO: Media "shape_icon_3" already exists. [] []

[2025-03-21 10:59:42] merlin-logger.INFO: Media "testimonial-1" already exists. [] []

[2025-03-21 10:59:42] merlin-logger.INFO: Media "testimonial-2" already exists. [] []

[2025-03-21 10:59:42] merlin-logger.INFO: Media "testimonial-3" already exists. [] []

[2025-03-21 10:59:42] merlin-logger.INFO: Media "banner_image_1" already exists. [] []

[2025-03-21 10:59:42] merlin-logger.INFO: Media "banner_image_three" already exists. [] []

[2025-03-21 10:59:42] merlin-logger.INFO: Media "chart_4" already exists. [] []

[2025-03-21 10:59:42] merlin-logger.INFO: Media "shape_icon_7" already exists. [] []

[2025-03-21 10:59:42] merlin-logger.INFO: Media "shape_icon_4" already exists. [] []

[2025-03-21 10:59:42] merlin-logger.INFO: Media "client-1" already exists. [] []

[2025-03-21 10:59:42] merlin-logger.INFO: Media "client-2" already exists. [] []

[2025-03-21 10:59:42] merlin-logger.INFO: Media "client-3" already exists. [] []

[2025-03-21 10:59:42] merlin-logger.INFO: Media "client-4" already exists. [] []

[2025-03-21 10:59:42] merlin-logger.INFO: Media "client-5" already exists. [] []

[2025-03-21 10:59:42] merlin-logger.INFO: Media "feature_image_1" already exists. [] []

[2025-03-21 10:59:42] merlin-logger.INFO: Media "chart_5" already exists. [] []

[2025-03-21 10:59:42] merlin-logger.INFO: Media "star_icon" already exists. [] []

[2025-03-21 10:59:42] merlin-logger.INFO: Media "credit_card" already exists. [] []

[2025-03-21 10:59:42] merlin-logger.INFO: Media "master_card" already exists. [] []

[2025-03-21 10:59:42] merlin-logger.INFO: Media "ring_shape" already exists. [] []

[2025-03-21 10:59:42] merlin-logger.INFO: Media "apple_icon" already exists. [] []

[2025-03-21 10:59:42] merlin-logger.INFO: Media "play_icon" already exists. [] []

[2025-03-21 10:59:42] merlin-logger.INFO: Media "app_image" already exists. [] []

[2025-03-21 10:59:42] merlin-logger.INFO: Media "shape_icon_6" already exists. [] []

[2025-03-21 10:59:42] merlin-logger.INFO: Media "blog_1" already exists. [] []

[2025-03-21 10:59:42] merlin-logger.INFO: Media "blog_2" already exists. [] []

[2025-03-21 10:59:42] merlin-logger.INFO: Media "blog_3" already exists. [] []

[2025-03-21 10:59:42] merlin-logger.INFO: Media "author_1" already exists. [] []

[2025-03-21 10:59:42] merlin-logger.INFO: Media "author_2" already exists. [] []

[2025-03-21 10:59:42] merlin-logger.INFO: Media "author_3" already exists. [] []

[2025-03-21 10:59:42] merlin-logger.INFO: Media "currency_coins" already exists. [] []

[2025-03-21 10:59:42] merlin-logger.INFO: Media "banner_image_2" already exists. [] []

[2025-03-21 10:59:42] merlin-logger.INFO: Media "mail_send" already exists. [] []

[2025-03-21 10:59:42] merlin-logger.INFO: Media "options" already exists. [] []

[2025-03-21 10:59:42] merlin-logger.INFO: Media "request" already exists. [] []

[2025-03-21 10:59:42] merlin-logger.INFO: Media "client-11" already exists. [] []

[2025-03-21 10:59:42] merlin-logger.INFO: Media "client-22" already exists. [] []

[2025-03-21 10:59:42] merlin-logger.INFO: Media "client-33" already exists. [] []

[2025-03-21 10:59:42] merlin-logger.INFO: Media "client-44" already exists. [] []

[2025-03-21 10:59:42] merlin-logger.INFO: Media "client-55" already exists. [] []

[2025-03-21 10:59:42] merlin-logger.INFO: Media "about_image_1" already exists. [] []

[2025-03-21 10:59:42] merlin-logger.INFO: Media "author_4" already exists. [] []

[2025-03-21 10:59:42] merlin-logger.INFO: Media "shape_icon_8" already exists. [] []

[2025-03-21 10:59:42] merlin-logger.INFO: Media "video_box_bg_2" already exists. [] []

[2025-03-21 10:59:42] merlin-logger.INFO: Media "shape_icon_9" already exists. [] []

[2025-03-21 10:59:42] merlin-logger.INFO: Media "services_image_1" already exists. [] []

[2025-03-21 10:59:42] merlin-logger.INFO: Media "testimonial-4" already exists. [] []

[2025-03-21 10:59:42] merlin-logger.INFO: Media "shape_icon_12" already exists. [] []

[2025-03-21 10:59:42] merlin-logger.INFO: Media "shape_icon_13" already exists. [] []

[2025-03-21 10:59:42] merlin-logger.INFO: Media "about_image_4" already exists. [] []

[2025-03-21 10:59:42] merlin-logger.INFO: Media "meter_icon" already exists. [] []

[2025-03-21 10:59:42] merlin-logger.INFO: Media "feature_image_2" already exists. [] []

[2025-03-21 10:59:42] merlin-logger.INFO: Media "chart_6" already exists. [] []

[2025-03-21 10:59:42] merlin-logger.INFO: Media "banner_image_5" already exists. [] []

[2025-03-21 10:59:42] merlin-logger.INFO: Media "video_box_bg_3" already exists. [] []

[2025-03-21 10:59:42] merlin-logger.INFO: Media "about_banner_image" already exists. [] []

[2025-03-21 10:59:42] merlin-logger.INFO: Media "error_image" already exists. [] []

[2025-03-21 10:59:42] merlin-logger.INFO: Media "team-5" already exists. [] []

[2025-03-21 10:59:42] merlin-logger.INFO: Media "team-6" already exists. [] []

[2025-03-21 10:59:42] merlin-logger.INFO: Media "team-7" already exists. [] []

[2025-03-21 10:59:42] merlin-logger.INFO: Media "team-8" already exists. [] []

[2025-03-21 10:59:42] merlin-logger.INFO: Media "services_details_image" already exists. [] []

[2025-03-21 10:59:42] merlin-logger.INFO: Media "project_1" already exists. [] []

[2025-03-21 10:59:42] merlin-logger.INFO: Media "project_2" already exists. [] []

[2025-03-21 10:59:42] merlin-logger.INFO: Media "project_3" already exists. [] []

[2025-03-21 10:59:42] merlin-logger.INFO: Media "project_4" already exists. [] []

[2025-03-21 10:59:42] merlin-logger.INFO: Media "project_5" already exists. [] []

[2025-03-21 10:59:42] merlin-logger.INFO: Media "project_6" already exists. [] []

[2025-03-21 10:59:42] merlin-logger.INFO: Media "banner_image_6" already exists. [] []

[2025-03-21 10:59:42] merlin-logger.INFO: Media "project_details_image_1" already exists. [] []

[2025-03-21 10:59:42] merlin-logger.INFO: Media "project_details_image_2" already exists. [] []

[2025-03-21 10:59:42] merlin-logger.INFO: Media "blog_13" already exists. [] []

[2025-03-21 10:59:42] merlin-logger.INFO: Media "blog_14" already exists. [] []

[2025-03-21 10:59:42] merlin-logger.INFO: Media "blog_15" already exists. [] []

[2025-03-21 10:59:42] merlin-logger.INFO: Media "blog_16" already exists. [] []

[2025-03-21 10:59:42] merlin-logger.INFO: Media "avatar-image" already exists. [] []

[2025-03-21 10:59:42] merlin-logger.INFO: Media "blog_20" already exists. [] []

[2025-03-21 10:59:42] merlin-logger.INFO: Media "shop_1" already exists. [] []

[2025-03-21 10:59:42] merlin-logger.INFO: Media "shop_2" already exists. [] []

[2025-03-21 10:59:42] merlin-logger.INFO: Media "shop_3" already exists. [] []

[2025-03-21 10:59:42] merlin-logger.INFO: Media "shop_4" already exists. [] []

[2025-03-21 10:59:42] merlin-logger.INFO: Media "shop_5" already exists. [] []

[2025-03-21 10:59:42] merlin-logger.INFO: Media "shop_6" already exists. [] []

[2025-03-21 10:59:42] merlin-logger.INFO: Media "shop_7" already exists. [] []

[2025-03-21 10:59:42] merlin-logger.INFO: Media "shop_8" already exists. [] []

[2025-03-21 10:59:42] merlin-logger.INFO: Media "shop_9" already exists. [] []

[2025-03-21 10:59:42] merlin-logger.INFO: Media "shop_10" already exists. [] []

[2025-03-21 10:59:42] merlin-logger.INFO: Media "shop_11" already exists. [] []

[2025-03-21 10:59:42] merlin-logger.INFO: Media "shop_12" already exists. [] []

[2025-03-21 10:59:42] merlin-logger.INFO: Media "shop_13" already exists. [] []

[2025-03-21 10:59:42] merlin-logger.INFO: Media "shop_14" already exists. [] []

[2025-03-21 10:59:42] merlin-logger.INFO: Media "shop_15" already exists. [] []

[2025-03-21 10:59:42] merlin-logger.INFO: Media "shop_16" already exists. [] []

[2025-03-21 10:59:42] merlin-logger.INFO: Media "image-1" already exists. [] []

[2025-03-21 10:59:42] merlin-logger.INFO: Media "image-2" already exists. [] []

[2025-03-21 10:59:42] merlin-logger.INFO: Media "image-3" already exists. [] []

[2025-03-21 10:59:42] merlin-logger.INFO: Media "image-4" already exists. [] []

[2025-03-21 10:59:42] merlin-logger.INFO: Media "image-5" already exists. [] []

[2025-03-21 10:59:42] merlin-logger.INFO: Media "image-6" already exists. [] []

[2025-03-21 10:59:42] merlin-logger.INFO: Media "portfolio-image11-copyright-840x473" already exists. [] []

[2025-03-21 10:59:42] merlin-logger.INFO: Template "Default Kit" already exists. [] []

[2025-03-21 10:59:42] merlin-logger.INFO: Navigation Menu Item "Home" already exists. [] []

[2025-03-21 10:59:42] merlin-logger.INFO: Navigation Menu Item "Product Cart" already exists. [] []

[2025-03-21 10:59:42] merlin-logger.INFO: Navigation Menu Item "Product Checkout" already exists. [] []

[2025-03-21 10:59:42] merlin-logger.INFO: Navigation Menu Item "" already exists. [] []

[2025-03-21 10:59:42] merlin-logger.INFO: Navigation Menu Item "" already exists. [] []

[2025-03-21 10:59:42] merlin-logger.INFO: Navigation Menu Item "" already exists. [] []

[2025-03-21 10:59:42] merlin-logger.INFO: Sign-up Form "" already exists. [] []

[2025-03-21 10:59:42] merlin-logger.INFO: Navigation Menu Item "" already exists. [] []

[2025-03-21 10:59:42] merlin-logger.INFO: Navigation Menu Item "" already exists. [] []

[2025-03-21 10:59:42] merlin-logger.INFO: Navigation Menu Item "" already exists. [] []

[2025-03-21 10:59:42] merlin-logger.INFO: Navigation Menu Item "" already exists. [] []

[2025-03-21 10:59:42] merlin-logger.INFO: Navigation Menu Item "" already exists. [] []

[2025-03-21 10:59:42] merlin-logger.INFO: Navigation Menu Item "" already exists. [] []

[2025-03-21 10:59:42] merlin-logger.INFO: Navigation Menu Item "" already exists. [] []

[2025-03-21 10:59:42] merlin-logger.INFO: Navigation Menu Item "" already exists. [] []

[2025-03-21 10:59:42] merlin-logger.INFO: Navigation Menu Item "" already exists. [] []

[2025-03-21 10:59:42] merlin-logger.INFO: Navigation Menu Item "" already exists. [] []

[2025-03-21 10:59:42] merlin-logger.INFO: Media "credit-card" already exists. [] []

[2025-03-21 10:59:42] merlin-logger.INFO: Media "mastercard" already exists. [] []

[2025-03-21 10:59:42] merlin-logger.INFO: Navigation Menu Item "" already exists. [] []

[2025-03-21 10:59:42] merlin-logger.INFO: Navigation Menu Item "Shop" already exists. [] []

[2025-03-21 10:59:42] merlin-logger.INFO: Navigation Menu Item "Services" already exists. [] []

[2025-03-21 10:59:42] merlin-logger.INFO: Navigation Menu Item "Projects" already exists. [] []

[2025-03-21 10:59:42] merlin-logger.INFO: Navigation Menu Item "Pages" already exists. [] []

[2025-03-21 10:59:42] merlin-logger.INFO: Navigation Menu Item "News" already exists. [] []

[2025-03-21 10:59:42] merlin-logger.INFO: Navigation Menu Item "" already exists. [] []

[2025-03-21 10:59:42] merlin-logger.INFO: Navigation Menu Item "" already exists. [] []

[2025-03-21 10:59:42] merlin-logger.INFO: Navigation Menu Item "" already exists. [] []

[2025-03-21 10:59:42] merlin-logger.INFO: Navigation Menu Item "" already exists. [] []

[2025-03-21 10:59:42] merlin-logger.INFO: Navigation Menu Item "" already exists. [] []

[2025-03-21 10:59:42] merlin-logger.INFO: Navigation Menu Item "" already exists. [] []

[2025-03-21 10:59:42] merlin-logger.INFO: Navigation Menu Item "" already exists. [] []

[2025-03-21 10:59:42] merlin-logger.INFO: Navigation Menu Item "" already exists. [] []

[2025-03-21 10:59:42] merlin-logger.INFO: Navigation Menu Item "Error Page" already exists. [] []

[2025-03-21 10:59:42] merlin-logger.INFO: Navigation Menu Item "Testimonial" already exists. [] []

[2025-03-21 10:59:42] merlin-logger.INFO: Navigation Menu Item "" already exists. [] []

[2025-03-21 10:59:42] merlin-logger.INFO: Navigation Menu Item "" already exists. [] []

[2025-03-21 10:59:42] merlin-logger.INFO: Navigation Menu Item "Our Team" already exists. [] []

[2025-03-21 10:59:42] merlin-logger.INFO: Navigation Menu Item "Our Team" already exists. [] []

[2025-03-21 10:59:42] merlin-logger.INFO: Page "My Shop" already exists. [] []

[2025-03-21 10:59:42] merlin-logger.INFO: Page "My Cart" already exists. [] []

[2025-03-21 10:59:42] merlin-logger.INFO: Page "My Checkout" already exists. [] []

[2025-03-21 10:59:42] merlin-logger.INFO: Page "My account" already exists. [] []

[2025-03-21 10:59:42] merlin-logger.INFO: Page "Home One" already exists. [] []

[2025-03-21 10:59:42] merlin-logger.INFO: Page "Home Two" already exists. [] []

[2025-03-21 10:59:42] merlin-logger.INFO: Navigation Menu Item "Team Details" already exists. [] []

[2025-03-21 10:59:42] merlin-logger.INFO: Navigation Menu Item "Project Details" already exists. [] []

[2025-03-21 10:59:42] merlin-logger.INFO: Navigation Menu Item "" already exists. [] []

[2025-03-21 10:59:42] merlin-logger.INFO: Navigation Menu Item "" already exists. [] []

[2025-03-21 10:59:42] merlin-logger.INFO: Navigation Menu Item "" already exists. [] []

[2025-03-21 10:59:42] merlin-logger.INFO: Navigation Menu Item "Blog Details Two" already exists. [] []

[2025-03-21 10:59:42] merlin-logger.INFO: Navigation Menu Item "Blog Details" already exists. [] []

[2025-03-21 10:59:42] merlin-logger.INFO: Navigation Menu Item "" already exists. [] []

[2025-03-21 10:59:42] merlin-logger.INFO: Navigation Menu Item "" already exists. [] []

[2025-03-21 10:59:42] merlin-logger.INFO: Navigation Menu Item "" already exists. [] []

[2025-03-21 10:59:42] merlin-logger.INFO: Navigation Menu Item "" already exists. [] []

[2025-03-21 10:59:42] merlin-logger.INFO: Navigation Menu Item "" already exists. [] []

[2025-03-21 10:59:42] merlin-logger.INFO: Navigation Menu Item "" already exists. [] []

[2025-03-21 10:59:42] merlin-logger.INFO: Navigation Menu Item "Product Details" already exists. [] []

[2025-03-21 10:59:42] merlin-logger.INFO: Page "Home Three" already exists. [] []

[2025-03-21 10:59:42] merlin-logger.INFO: Page "Home Four" already exists. [] []

[2025-03-21 10:59:42] merlin-logger.INFO: Page "Home Five" already exists. [] []

[2025-03-21 10:59:42] merlin-logger.INFO: Page "About Us" already exists. [] []

[2025-03-21 10:59:42] merlin-logger.INFO: Page "Services" already exists. [] []

[2025-03-21 10:59:42] merlin-logger.INFO: Page "Services Two" already exists. [] []

[2025-03-21 10:59:42] merlin-logger.INFO: Page "Projects" already exists. [] []

[2025-03-21 10:59:42] merlin-logger.INFO: Page "Faqs" already exists. [] []

[2025-03-21 10:59:42] merlin-logger.INFO: Page "Testimonial One" already exists. [] []

[2025-03-21 10:59:42] merlin-logger.INFO: Page "Testimonial Two" already exists. [] []

[2025-03-21 10:59:42] merlin-logger.INFO: Page "Team" already exists. [] []

[2025-03-21 10:59:42] merlin-logger.INFO: Page "Expert Consultant" already exists. [] []

[2025-03-21 10:59:42] merlin-logger.INFO: Page "Blog Grid" already exists. [] []

[2025-03-21 10:59:42] merlin-logger.INFO: Page "Blog Standard" already exists. [] []

[2025-03-21 10:59:42] merlin-logger.INFO: Page "Contact Us" already exists. [] []

[2025-03-21 10:59:42] merlin-logger.INFO: Page "Pricing Plans" already exists. [] []

[2025-03-21 10:59:42] merlin-logger.INFO: Page "Retirement Solutions" already exists. [] []

[2025-03-21 10:59:42] merlin-logger.INFO: Page "Fraud & Protect" already exists. [] []

[2025-03-21 10:59:42] merlin-logger.INFO: Page "Risk & Compliance" already exists. [] []

[2025-03-21 10:59:42] merlin-logger.INFO: Page "Wealth Management" already exists. [] []

[2025-03-21 10:59:42] merlin-logger.INFO: Product "Sound Box" already exists. [] []

[2025-03-21 10:59:42] merlin-logger.INFO: Product "Wireless Headphone" already exists. [] []

[2025-03-21 10:59:42] merlin-logger.INFO: Product "Electric Charger" already exists. [] []

[2025-03-21 10:59:42] merlin-logger.INFO: Post "Helping people access the support they’re entitled to" already exists. [] []

[2025-03-21 10:59:42] merlin-logger.INFO: Post "A Financial Inclusion Plan for the whole sector" already exists. [] []

[2025-03-21 10:59:42] merlin-logger.INFO: Post "Meet Vince our Community Finance Engagement Manager" already exists. [] []

[2025-03-21 10:59:42] merlin-logger.INFO: Post "Helping people access the support they’re entitled to" already exists. [] []

[2025-03-21 10:59:42] merlin-logger.INFO: Product "Digital Headphone" already exists. [] []

[2025-03-21 10:59:42] merlin-logger.INFO: Product "Sound Box" already exists. [] []

[2025-03-21 10:59:42] merlin-logger.INFO: Product "Smart Watch" already exists. [] []

[2025-03-21 10:59:42] merlin-logger.INFO: Product "Digital Headphone" already exists. [] []

[2025-03-21 10:59:42] merlin-logger.INFO: Product "Remort Consol" already exists. [] []

[2025-03-21 10:59:42] merlin-logger.INFO: Page "Worldpay Solutions" already exists. [] []

[2025-03-21 10:59:42] merlin-logger.INFO: Page "Innovative Fintech" already exists. [] []

[2025-03-21 10:59:42] merlin-logger.INFO: Post "Analysis of information about customers" already exists. [] []

[2025-03-21 10:59:42] merlin-logger.INFO: Post "Meet Vince our Community Finance Engagement Manager" already exists. [] []

[2025-03-21 10:59:42] merlin-logger.INFO: Post "The principle of accounting for all registers" already exists. [] []

[2025-03-21 10:59:42] merlin-logger.INFO: Post "Documents required for business analysis" already exists. [] []

[2025-03-21 10:59:42] merlin-logger.INFO: Post "Quality control of accounting services" already exists. [] []

[2025-03-21 10:59:42] merlin-logger.INFO: Post "A Financial Inclusion Plan for the whole sector" already exists. [] []

[2025-03-21 10:59:42] merlin-logger.INFO: Product "Digital Laptop" already exists. [] []

[2025-03-21 10:59:42] merlin-logger.INFO: Imported "Corporate Banking & Tax discount" (Project) [] []

[2025-03-21 10:59:42] merlin-logger.DEBUG: Post 1277 remapped to 1277 [] []

[2025-03-21 10:59:42] merlin-logger.INFO: Imported "Revenue audit for Finance Office" (Project) [] []

[2025-03-21 10:59:42] merlin-logger.DEBUG: Post 1284 remapped to 1284 [] []

[2025-03-21 10:59:42] merlin-logger.INFO: Imported "Tax Reduce for IT compnay" (Project) [] []

[2025-03-21 10:59:42] merlin-logger.DEBUG: Post 1285 remapped to 1285 [] []

[2025-03-21 10:59:42] merlin-logger.INFO: Product "Apple Iphone" already exists. [] []

[2025-03-21 10:59:42] merlin-logger.INFO: Product "Sound Box" already exists. [] []

[2025-03-21 10:59:42] merlin-logger.INFO: Product "Digital Headphone" already exists. [] []

[2025-03-21 10:59:42] merlin-logger.INFO: Product "Remort Consol" already exists. [] []

[2025-03-21 10:59:42] merlin-logger.INFO: Product "Apple Iphone" already exists. [] []

[2025-03-21 10:59:42] merlin-logger.INFO: Product "Sound Box" already exists. [] []

[2025-03-21 10:59:42] merlin-logger.INFO: Variations "Sound Box - Red" already exists. [] []

[2025-03-21 10:59:42] merlin-logger.INFO: Variations "Sound Box - Green" already exists. [] []

[2025-03-21 10:59:42] merlin-logger.INFO: Variations "Sound Box - Blue" already exists. [] []

[2025-03-21 10:59:42] merlin-logger.INFO: Variations "Wireless Headphone - Red, No" already exists. [] []

[2025-03-21 10:59:42] merlin-logger.INFO: Variations "Wireless Headphone - Green, No" already exists. [] []

[2025-03-21 10:59:42] merlin-logger.INFO: Variations "Wireless Headphone - Blue, No" already exists. [] []

[2025-03-21 10:59:42] merlin-logger.INFO: Product "Smart Phone" already exists. [] []

[2025-03-21 10:59:42] merlin-logger.INFO: Product "Play Console" already exists. [] []

[2025-03-21 10:59:42] merlin-logger.INFO: Product "Smart Watch" already exists. [] []

[2025-03-21 10:59:42] merlin-logger.INFO: Variations "Wireless Headphone - Blue, Yes" already exists. [] []

[2025-03-21 10:59:42] merlin-logger.INFO: Navigation Menu "Navigation" already exists. [] []

[2025-03-21 10:59:42] merlin-logger.INFO: Contact Form "Contact form 1" already exists. [] []

[2025-03-21 10:59:42] merlin-logger.INFO: Imported "Ronald Richards" (Team) [] []

[2025-03-21 10:59:42] merlin-logger.DEBUG: Post 323 remapped to 323 [] []

[2025-03-21 10:59:42] merlin-logger.INFO: Imported "Theresa Webb" (Team) [] []

[2025-03-21 10:59:42] merlin-logger.DEBUG: Post 328 remapped to 328 [] []

[2025-03-21 10:59:42] merlin-logger.INFO: Imported "Brooklyn Simmons" (Team) [] []

[2025-03-21 10:59:42] merlin-logger.DEBUG: Post 329 remapped to 329 [] []

[2025-03-21 10:59:42] merlin-logger.INFO: Imported "Leslie Alexander" (Team) [] []

[2025-03-21 10:59:42] merlin-logger.DEBUG: Post 330 remapped to 330 [] []

[2025-03-21 10:59:42] merlin-logger.INFO: Imported "Ronald Rogan" (Testimonial) [] []

[2025-03-21 10:59:42] merlin-logger.DEBUG: Post 370 remapped to 370 [] []

[2025-03-21 10:59:42] merlin-logger.INFO: Imported "Ronald Rogan" (Testimonial) [] []

[2025-03-21 10:59:42] merlin-logger.DEBUG: Post 374 remapped to 374 [] []

[2025-03-21 10:59:42] merlin-logger.INFO: Imported "Ronald Rogan" (Testimonial) [] []

[2025-03-21 10:59:42] merlin-logger.DEBUG: Post 376 remapped to 376 [] []

[2025-03-21 10:59:42] merlin-logger.INFO: Imported "Ronald Rogan" (Testimonial) [] []

[2025-03-21 10:59:42] merlin-logger.DEBUG: Post 377 remapped to 377 [] []

[2025-03-21 10:59:42] merlin-logger.INFO: Imported "Ronald Rogan" (Testimonial) [] []

[2025-03-21 10:59:42] merlin-logger.DEBUG: Post 379 remapped to 379 [] []

[2025-03-21 10:59:42] merlin-logger.INFO: Imported "Theresa Webb" (Testimonial) [] []

[2025-03-21 10:59:42] merlin-logger.DEBUG: Post 1176 remapped to 1176 [] []

[2025-03-21 10:59:42] merlin-logger.INFO: Imported "Ronald Richards" (Team) [] []

[2025-03-21 10:59:42] merlin-logger.DEBUG: Post 1188 remapped to 1188 [] []

[2025-03-21 10:59:42] merlin-logger.INFO: Imported "Theresa Webb" (Team) [] []

[2025-03-21 10:59:42] merlin-logger.DEBUG: Post 1193 remapped to 1193 [] []

[2025-03-21 10:59:42] merlin-logger.INFO: Imported "Brooklyn Simmons" (Team) [] []

[2025-03-21 10:59:42] merlin-logger.DEBUG: Post 1194 remapped to 1194 [] []

[2025-03-21 10:59:42] merlin-logger.INFO: Imported "Leslie Alexander" (Team) [] []

[2025-03-21 10:59:42] merlin-logger.DEBUG: Post 1195 remapped to 1195 [] []

[2025-03-21 10:59:42] merlin-logger.INFO: Imported "Loan for Fijitsu Corporation" (Project) [] []

[2025-03-21 10:59:42] merlin-logger.DEBUG: Post 1286 remapped to 1286 [] []

[2025-03-21 10:59:42] merlin-logger.INFO: Imported "Income tax for individual clients" (Project) [] []

[2025-03-21 10:59:42] merlin-logger.DEBUG: Post 1287 remapped to 1287 [] []

[2025-03-21 10:59:42] merlin-logger.INFO: Imported "Update analogue data to digital data" (Project) [] []

[2025-03-21 10:59:42] merlin-logger.DEBUG: Post 1288 remapped to 1288 [] []

[2025-03-21 10:59:42] merlin-logger.INFO: Imported "Corporate Banking & Tax discount" (Project) [] []

[2025-03-21 10:59:42] merlin-logger.DEBUG: Post 1305 remapped to 1305 [] []

[2025-03-21 10:59:42] merlin-logger.INFO: Contact Form "Contact Us Form" already exists. [] []

[2025-03-21 10:59:42] merlin-logger.DEBUG: Running post-processing for post 1277 [] []

[2025-03-21 10:59:42] merlin-logger.WARNING: Could not find the author for "Corporate Banking &#038; Tax discount" (post #1277) [] []

[2025-03-21 10:59:42] merlin-logger.DEBUG: Post 1277 was imported with author "agrawalgoyanka1@gmail.com", but could not be found [] []

[2025-03-21 10:59:42] merlin-logger.DEBUG: Post 1277 was marked for post-processing, but none was required. [] []

[2025-03-21 10:59:42] merlin-logger.DEBUG: Running post-processing for post 1284 [] []

[2025-03-21 10:59:42] merlin-logger.WARNING: Could not find the author for "Revenue audit for Finance Office" (post #1284) [] []

[2025-03-21 10:59:42] merlin-logger.DEBUG: Post 1284 was imported with author "agrawalgoyanka1@gmail.com", but could not be found [] []

[2025-03-21 10:59:42] merlin-logger.DEBUG: Post 1284 was marked for post-processing, but none was required. [] []

[2025-03-21 10:59:42] merlin-logger.DEBUG: Running post-processing for post 1285 [] []

[2025-03-21 10:59:42] merlin-logger.WARNING: Could not find the author for "Tax Reduce for IT compnay" (post #1285) [] []

[2025-03-21 10:59:42] merlin-logger.DEBUG: Post 1285 was imported with author "agrawalgoyanka1@gmail.com", but could not be found [] []

[2025-03-21 10:59:42] merlin-logger.DEBUG: Post 1285 was marked for post-processing, but none was required. [] []

[2025-03-21 10:59:42] merlin-logger.DEBUG: Running post-processing for post 323 [] []

[2025-03-21 10:59:42] merlin-logger.WARNING: Could not find the author for "Ronald Richards" (post #323) [] []

[2025-03-21 10:59:42] merlin-logger.DEBUG: Post 323 was imported with author "agrawalgoyanka1@gmail.com", but could not be found [] []

[2025-03-21 10:59:42] merlin-logger.DEBUG: Post 323 was marked for post-processing, but none was required. [] []

[2025-03-21 10:59:42] merlin-logger.DEBUG: Running post-processing for post 328 [] []

[2025-03-21 10:59:42] merlin-logger.WARNING: Could not find the author for "Theresa Webb" (post #328) [] []

[2025-03-21 10:59:42] merlin-logger.DEBUG: Post 328 was imported with author "agrawalgoyanka1@gmail.com", but could not be found [] []

[2025-03-21 10:59:42] merlin-logger.DEBUG: Post 328 was marked for post-processing, but none was required. [] []

[2025-03-21 10:59:42] merlin-logger.DEBUG: Running post-processing for post 329 [] []

[2025-03-21 10:59:42] merlin-logger.WARNING: Could not find the author for "Brooklyn Simmons" (post #329) [] []

[2025-03-21 10:59:42] merlin-logger.DEBUG: Post 329 was imported with author "agrawalgoyanka1@gmail.com", but could not be found [] []

[2025-03-21 10:59:42] merlin-logger.DEBUG: Post 329 was marked for post-processing, but none was required. [] []

[2025-03-21 10:59:42] merlin-logger.DEBUG: Running post-processing for post 330 [] []

[2025-03-21 10:59:42] merlin-logger.WARNING: Could not find the author for "Leslie Alexander" (post #330) [] []

[2025-03-21 10:59:42] merlin-logger.DEBUG: Post 330 was imported with author "agrawalgoyanka1@gmail.com", but could not be found [] []

[2025-03-21 10:59:42] merlin-logger.DEBUG: Post 330 was marked for post-processing, but none was required. [] []

[2025-03-21 10:59:42] merlin-logger.DEBUG: Running post-processing for post 370 [] []

[2025-03-21 10:59:42] merlin-logger.WARNING: Could not find the author for "Ronald Rogan" (post #370) [] []

[2025-03-21 10:59:42] merlin-logger.DEBUG: Post 370 was imported with author "agrawalgoyanka1@gmail.com", but could not be found [] []

[2025-03-21 10:59:42] merlin-logger.DEBUG: Post 370 was marked for post-processing, but none was required. [] []

[2025-03-21 10:59:42] merlin-logger.DEBUG: Running post-processing for post 374 [] []

[2025-03-21 10:59:42] merlin-logger.WARNING: Could not find the author for "Ronald Rogan" (post #374) [] []

[2025-03-21 10:59:42] merlin-logger.DEBUG: Post 374 was imported with author "agrawalgoyanka1@gmail.com", but could not be found [] []

[2025-03-21 10:59:42] merlin-logger.DEBUG: Post 374 was marked for post-processing, but none was required. [] []

[2025-03-21 10:59:42] merlin-logger.DEBUG: Running post-processing for post 376 [] []

[2025-03-21 10:59:42] merlin-logger.WARNING: Could not find the author for "Ronald Rogan" (post #376) [] []

[2025-03-21 10:59:42] merlin-logger.DEBUG: Post 376 was imported with author "agrawalgoyanka1@gmail.com", but could not be found [] []

[2025-03-21 10:59:42] merlin-logger.DEBUG: Post 376 was marked for post-processing, but none was required. [] []

[2025-03-21 10:59:42] merlin-logger.DEBUG: Running post-processing for post 377 [] []

[2025-03-21 10:59:42] merlin-logger.WARNING: Could not find the author for "Ronald Rogan" (post #377) [] []

[2025-03-21 10:59:42] merlin-logger.DEBUG: Post 377 was imported with author "agrawalgoyanka1@gmail.com", but could not be found [] []

[2025-03-21 10:59:42] merlin-logger.DEBUG: Post 377 was marked for post-processing, but none was required. [] []

[2025-03-21 10:59:42] merlin-logger.DEBUG: Running post-processing for post 379 [] []

[2025-03-21 10:59:42] merlin-logger.WARNING: Could not find the author for "Ronald Rogan" (post #379) [] []

[2025-03-21 10:59:42] merlin-logger.DEBUG: Post 379 was imported with author "agrawalgoyanka1@gmail.com", but could not be found [] []

[2025-03-21 10:59:42] merlin-logger.DEBUG: Post 379 was marked for post-processing, but none was required. [] []

[2025-03-21 10:59:42] merlin-logger.DEBUG: Running post-processing for post 1176 [] []

[2025-03-21 10:59:42] merlin-logger.WARNING: Could not find the author for "Theresa Webb" (post #1176) [] []

[2025-03-21 10:59:42] merlin-logger.DEBUG: Post 1176 was imported with author "agrawalgoyanka1@gmail.com", but could not be found [] []

[2025-03-21 10:59:42] merlin-logger.DEBUG: Post 1176 was marked for post-processing, but none was required. [] []

[2025-03-21 10:59:42] merlin-logger.DEBUG: Running post-processing for post 1188 [] []

[2025-03-21 10:59:42] merlin-logger.WARNING: Could not find the author for "Ronald Richards" (post #1188) [] []

[2025-03-21 10:59:42] merlin-logger.DEBUG: Post 1188 was imported with author "agrawalgoyanka1@gmail.com", but could not be found [] []

[2025-03-21 10:59:42] merlin-logger.DEBUG: Post 1188 was marked for post-processing, but none was required. [] []

[2025-03-21 10:59:42] merlin-logger.DEBUG: Running post-processing for post 1193 [] []

[2025-03-21 10:59:42] merlin-logger.WARNING: Could not find the author for "Theresa Webb" (post #1193) [] []

[2025-03-21 10:59:42] merlin-logger.DEBUG: Post 1193 was imported with author "agrawalgoyanka1@gmail.com", but could not be found [] []

[2025-03-21 10:59:42] merlin-logger.DEBUG: Post 1193 was marked for post-processing, but none was required. [] []

[2025-03-21 10:59:42] merlin-logger.DEBUG: Running post-processing for post 1194 [] []

[2025-03-21 10:59:42] merlin-logger.WARNING: Could not find the author for "Brooklyn Simmons" (post #1194) [] []

[2025-03-21 10:59:42] merlin-logger.DEBUG: Post 1194 was imported with author "agrawalgoyanka1@gmail.com", but could not be found [] []

[2025-03-21 10:59:42] merlin-logger.DEBUG: Post 1194 was marked for post-processing, but none was required. [] []

[2025-03-21 10:59:42] merlin-logger.DEBUG: Running post-processing for post 1195 [] []

[2025-03-21 10:59:42] merlin-logger.WARNING: Could not find the author for "Leslie Alexander" (post #1195) [] []

[2025-03-21 10:59:42] merlin-logger.DEBUG: Post 1195 was imported with author "agrawalgoyanka1@gmail.com", but could not be found [] []

[2025-03-21 10:59:42] merlin-logger.DEBUG: Post 1195 was marked for post-processing, but none was required. [] []

[2025-03-21 10:59:42] merlin-logger.DEBUG: Running post-processing for post 1286 [] []

[2025-03-21 10:59:42] merlin-logger.WARNING: Could not find the author for "Loan for Fijitsu Corporation" (post #1286) [] []

[2025-03-21 10:59:42] merlin-logger.DEBUG: Post 1286 was imported with author "agrawalgoyanka1@gmail.com", but could not be found [] []

[2025-03-21 10:59:42] merlin-logger.DEBUG: Post 1286 was marked for post-processing, but none was required. [] []

[2025-03-21 10:59:42] merlin-logger.DEBUG: Running post-processing for post 1287 [] []

[2025-03-21 10:59:42] merlin-logger.WARNING: Could not find the author for "Income tax for individual clients" (post #1287) [] []

[2025-03-21 10:59:42] merlin-logger.DEBUG: Post 1287 was imported with author "agrawalgoyanka1@gmail.com", but could not be found [] []

[2025-03-21 10:59:42] merlin-logger.DEBUG: Post 1287 was marked for post-processing, but none was required. [] []

[2025-03-21 10:59:42] merlin-logger.DEBUG: Running post-processing for post 1288 [] []

[2025-03-21 10:59:42] merlin-logger.WARNING: Could not find the author for "Update analogue data to digital data" (post #1288) [] []

[2025-03-21 10:59:42] merlin-logger.DEBUG: Post 1288 was imported with author "agrawalgoyanka1@gmail.com", but could not be found [] []

[2025-03-21 10:59:42] merlin-logger.DEBUG: Post 1288 was marked for post-processing, but none was required. [] []

[2025-03-21 10:59:42] merlin-logger.DEBUG: Running post-processing for post 1305 [] []

[2025-03-21 10:59:42] merlin-logger.WARNING: Could not find the author for "Corporate Banking &#038; Tax discount" (post #1305) [] []

[2025-03-21 10:59:42] merlin-logger.DEBUG: Post 1305 was imported with author "agrawalgoyanka1@gmail.com", but could not be found [] []

[2025-03-21 10:59:42] merlin-logger.DEBUG: Post 1305 was marked for post-processing, but none was required. [] []

[2025-03-21 10:59:42] merlin-logger.INFO: Starting remapping of featured images [] []

[2025-03-21 10:59:45] merlin-logger.INFO: The content import AJAX call will be executed with this import data {"title":"Widgets","data":"/home/u894712264/domains/agrawalgoyanka.co.in/public_html/wp-content/themes/financer/demo-import/content/widgets.json"} []

[2025-03-21 10:59:45] merlin-logger.DEBUG: Default Sidebar :   Block - No Title - Imported Block - No Title - Imported Block - No Title - Imported Block - No Title - Imported Block - No Title - Imported  Footer Widget :   Financer About Us - No Title - Imported Navigation Menu - Quick Links - Imported Navigation Menu - Services - Imported Financer Newsletter - Subscribe Newsletter - Imported  Blog Listing :   Search - Search - Imported Categories - Categories - Imported Financer Recent Posts - Recent Post - Imported Financer Our Gallery - Our Gallery - Imported Archives - Archives - Imported Tag Cloud - Popular Tags - Imported  Shop Widget :   Product Search - No Title - Imported Product Categories - Product categories - Imported Product Tag Cloud - Product tags - Imported Products list - Products - Imported   [] []

[2025-03-21 10:59:46] merlin-logger.INFO: The content import AJAX call will be executed with this import data {"title":"Redux Options","data":[{"file_path":"/home/u894712264/domains/agrawalgoyanka.co.in/public_html/wp-content/themes/financer/demo-import/content/redux_options.json","option_name":"financer_options"}]} []

[2025-03-21 10:59:46] merlin-logger.DEBUG: The Redux Framework data was imported {"file_path":"/home/u894712264/domains/agrawalgoyanka.co.in/public_html/wp-content/themes/financer/demo-import/content/redux_options.json","option_name":"financer_options"} []

[2025-03-21 10:59:48] merlin-logger.INFO: The content import AJAX call will be executed with this import data {"title":"After import setup","data":0} []

[2025-03-21 10:59:53] merlin-logger.DEBUG: The final step has been displayed [] []
